horizon_years,end_year,start_date,end_date,condition,seed,observations,trading_steps,total_return,annual_return,annual_volatility,sharpe,max_drawdown,gross_traded_notional,cumulative_turnover,annualized_turnover,total_cost
1,2019,2019-01-02,2019-12-31,ANN signal,0,252,251,0.08663857905276107,0.08699835085595131,0.1880209932310349,0.5360011895397739,-0.18951831618144677,1006634.3375892639,0.9898782153383372,0.9938219532480516,1006.6343375892639
1,2019,2019-01-02,2019-12-31,ANN signal,1,252,251,0.2306181781070875,0.23163602403863814,0.13934446042938273,1.5595194347745065,-0.0798027470549898,1009901.039535284,1.0056616502672877,1.0096682703878745,1009.9010395352841
1,2019,2019-01-02,2019-12-31,ANN signal,2,252,251,0.1489149603611004,0.14955055466697353,0.06878342110650619,2.052965726433004,-0.03521484497416516,912216.1900012493,0.8766443910453232,0.880136998180962,912.2161900012493
1,2019,2019-01-02,2019-12-31,ANN signal,3,252,251,0.20509749877942363,0.20599354314315632,0.14218960696682384,1.3836414146879399,-0.10556109910733535,1013768.7338523865,0.990210014563028,0.9941550743820042,1013.7687338523865
1,2019,2019-01-02,2019-12-31,ANN signal,4,252,251,0.1174642441008098,0.11795880717675455,0.14457175053157412,0.84053307313431,-0.12527374894274912,1466922.6868143082,1.4502312642655828,1.4560090780674375,1466.9226868143082
1,2019,2019-01-02,2019-12-31,ANN signal,5,252,251,0.26788053620084873,0.26908001630251954,0.12166168541793786,2.0124503703407624,-0.06931553726708728,1066878.108412981,1.0610941995262217,1.0653216664566052,1066.878108412981
1,2019,2019-01-02,2019-12-31,ANN signal,6,252,251,0.2977617148027505,0.2991100240557445,0.11223182149340244,2.379445136459838,-0.05869514921970942,1117744.261733532,1.0623730348355223,1.0666055967272972,1117.744261733532
1,2019,2019-01-02,2019-12-31,ANN signal,7,252,251,0.0284666460850429,0.028581664588625877,0.19314729304675335,0.24213228459840144,-0.2192531119952218,1230528.4876630306,1.225725783022921,1.2306091526763985,1230.5284876630308
1,2019,2019-01-02,2019-12-31,ANN signal,8,252,251,0.2524310255398847,0.2535546579427159,0.111378674861974,2.0774401116875483,-0.06305678964615069,1026685.8045957088,1.0167335539593827,1.0207842852500575,1026.6858045957088
1,2019,2019-01-02,2019-12-31,ANN signal,9,252,251,0.343790213132785,0.3453731452405273,0.12641530234276313,2.401811096705308,-0.059855217013221385,1033940.838886261,1.0004511933026403,1.0044370546305392,1033.940838886261
1,2019,2019-01-02,2019-12-31,Base FinRL,0,252,251,-0.01184585179294495,-0.011892764667335687,0.2255598076859347,0.06034861734221285,-0.25608686203365105,1222631.7950611115,1.2027762939667037,1.2075682313928657,1222.6317950611117
1,2019,2019-01-02,2019-12-31,Base FinRL,1,252,251,0.26671742127336473,0.2679111648372843,0.1538296228894385,1.6144707778031335,-0.10632970082198401,1310683.77576828,1.2569558449951286,1.2619636372062646,1310.68377576828
1,2019,2019-01-02,2019-12-31,Base FinRL,2,252,251,0.18263898412355384,0.18342962981131716,0.14409342916511353,1.2365359997000593,-0.10861951325195585,1041538.2739648819,1.0192209533397971,1.0232815945881628,1041.538273964882
1,2019,2019-01-02,2019-12-31,Base FinRL,3,252,251,0.1858964643910519,0.1867022924719266,0.10604530271807815,1.6613377037323473,-0.06385987869603094,1038091.2501220703,1.0046716520460945,1.0086743279506607,1038.0912501220705
1,2019,2019-01-02,2019-12-31,Base FinRL,4,252,251,0.053546773109605095,0.0537657419839066,0.20336679866252708,0.35841782710189135,-0.21028710060087819,1005559.0584964752,0.9844702034197796,0.9883923954652768,1005.5590584964752
1,2019,2019-01-02,2019-12-31,Base FinRL,5,252,251,0.21925989734261697,0.2202232697662978,0.12323516727359568,1.670808621109453,-0.09638717526657148,1013421.0854225159,1.0069799054185584,1.0109917775516999,1013.421085422516
1,2019,2019-01-02,2019-12-31,Base FinRL,6,252,251,0.1597145750413238,0.16039939649419277,0.1043344562643589,1.4725985532161405,-0.07796370250198625,1228572.2427062988,1.211625601785507,1.2164527954181186,1228.5722427062988
1,2019,2019-01-02,2019-12-31,Base FinRL,7,252,251,0.10538760971943484,0.10582895467121767,0.1565089961063153,0.7185675764402146,-0.14473524791796377,1004721.573671341,0.9790224277040719,0.9829229154638491,1004.721573671341
1,2019,2019-01-02,2019-12-31,Base FinRL,8,252,251,0.0854732841144561,0.08582802845829751,0.22365640246852514,0.47874983605379423,-0.2276707121889614,1001942.8256988525,0.9796893168007654,0.9835924614892146,1001.9428256988526
1,2019,2019-01-02,2019-12-31,Base FinRL,9,252,251,0.18083781165780421,0.1816200778926902,0.11985795375185951,1.447012684167247,-0.074448496235621,1035494.9694690704,1.0001971253578044,1.0041819744628155,1035.4949694690704
1,2019,2019-01-02,2019-12-31,QINN-MPS signal,0,252,251,0.054088308808301955,0.054309548753119774,0.18678615204253993,0.37546704019320004,-0.1959087444875257,1015406.9981813431,1.0015005680319928,1.005490610135706,1015.406998181343
1,2019,2019-01-02,2019-12-31,QINN-MPS signal,1,252,251,0.20385117958248467,0.20474133072518752,0.14512389146345467,1.3514265927016165,-0.09711607743761141,998986.5132484436,0.9912745995262977,0.9952239007196295,998.9865132484438
1,2019,2019-01-02,2019-12-31,QINN-MPS signal,2,252,251,0.14814292987787203,0.14877502060480885,0.07608919243038464,1.8540057597110204,-0.04163769396296324,1015790.5772972107,0.9760678821767201,0.9799565988387788,1015.7905772972107
1,2019,2019-01-02,2019-12-31,QINN-MPS signal,3,252,251,0.15636996517217594,0.1570394979178218,0.1772909977420898,0.9083429204264446,-0.15850025450144578,1002351.2302589417,0.9830076451195443,0.9869240102395426,1002.3512302589417
1,2019,2019-01-02,2019-12-31,QINN-MPS signal,4,252,251,0.1825349856723808,0.1833251472374906,0.10552477864773652,1.6419698075402576,-0.06731484035951663,1777962.6472947598,1.718388732280689,1.7252349025288194,1777.9626472947598
1,2019,2019-01-02,2019-12-31,QINN-MPS signal,5,252,251,0.07429835728241763,0.07460514432261367,0.1388554721343802,0.585647104870947,-0.13942383752529497,1024105.3089926243,1.0111257508116416,1.0151541402571063,1024.1053089926243
1,2019,2019-01-02,2019-12-31,QINN-MPS signal,6,252,251,0.321159867704373,0.32262664261881824,0.1107691185260799,2.571057964680577,-0.05739309186045427,1009855.8697881699,0.991921795461462,0.995873675124655,1009.8558697881699
1,2019,2019-01-02,2019-12-31,QINN-MPS signal,7,252,251,0.2803692324755773,0.28163057581506923,0.1298151398058753,1.969399567366702,-0.07843461330406742,1013256.9970514774,0.9782852946850997,0.9821828456599407,1013.2569970514774
1,2019,2019-01-02,2019-12-31,QINN-MPS signal,8,252,251,0.23088255890476228,0.23190167780084825,0.11658112411664563,1.8408423026131495,-0.06722707481990053,1018273.027305603,1.0118404622914823,1.0158716991930419,1018.2730273056031
1,2019,2019-01-02,2019-12-31,QINN-MPS signal,9,252,251,0.290129334473864,0.2914393646276967,0.10697033655212732,2.4360420487911285,-0.0667643661150571,1137474.440796852,1.0961093460970652,1.100476315603428,1137.4744407968522
2,2020,2019-01-02,2020-12-31,ANN signal,0,505,504,0.6813334880306585,0.2966624418215631,0.29217863196263566,1.0346304070704453,-0.24967579253632521,1169832.2017326355,1.1366090213304743,0.5683045106652371,1169.8322017326354
2,2020,2019-01-02,2020-12-31,ANN signal,1,505,504,0.5321182236020441,0.23778763267454095,0.24574136214372433,0.9897014307285545,-0.22794819619020656,1030094.1953775883,1.0232121623814456,0.5116060811907228,1030.0941953775882
2,2020,2019-01-02,2020-12-31,ANN signal,2,505,504,0.597224760260439,0.2638135781278974,0.27175234032515644,0.9960318875163735,-0.256626589225476,1609058.552167654,1.4275799058003278,0.7137899529001639,1609.058552167654
2,2020,2019-01-02,2020-12-31,ANN signal,3,505,504,0.8548065090441883,0.361912812570683,0.2508212870880646,1.3557913244423978,-0.2497332972748939,1515255.3887195587,1.432385880690744,0.716192940345372,1515.2553887195586
2,2020,2019-01-02,2020-12-31,ANN signal,4,505,504,0.46084079194641947,0.20865246946606586,0.27582025698314666,0.8243153069172485,-0.22822560325055086,1955846.975317955,1.8480156389278903,0.9240078194639452,1955.8469753179552
2,2020,2019-01-02,2020-12-31,ANN signal,5,505,504,0.38852822303854784,0.17835827448130037,0.2666469237602859,0.7470314550917262,-0.22956372116551516,1080213.4498403072,1.0720108290162857,0.5360054145081429,1080.2134498403072
2,2020,2019-01-02,2020-12-31,ANN signal,6,505,504,0.8103839975142735,0.3455051086912577,0.23180427899210945,1.393558267842021,-0.16576508865159723,1118580.482933998,1.0630476443554904,0.5315238221777452,1118.5804829339982
2,2020,2019-01-02,2020-12-31,ANN signal,7,505,504,0.6606803805093069,0.28867388446779163,0.30047555395089276,0.993620497860412,-0.2401336939791967,1793828.681776762,1.7080403407464941,0.8540201703732471,1793.828681776762
2,2020,2019-01-02,2020-12-31,ANN signal,8,505,504,0.5917000828641426,0.26162596789386927,0.21891794979434065,1.1691005316762184,-0.17968776247850637,1071615.1203148365,1.0550810654024285,0.5275405327012143,1071.6151203148365
2,2020,2019-01-02,2020-12-31,ANN signal,9,505,504,0.7862065752681247,0.3364903947534097,0.23232822260129643,1.3619076691011134,-0.16511361061799945,1254864.1120433807,1.1635413798281689,0.5817706899140844,1254.8641120433806
2,2020,2019-01-02,2020-12-31,Base FinRL,0,505,504,0.5411568387064876,0.24143338069607578,0.33456520687214825,0.8129776447687935,-0.25608686203365105,1501549.7031259537,1.4321788292872588,0.7160894146436294,1501.5497031259538
2,2020,2019-01-02,2020-12-31,Base FinRL,1,505,504,0.9266402380532319,0.3880346674536741,0.28957532637274874,1.2761106235890614,-0.3091731351035547,1482012.9252376556,1.3975047284397029,0.6987523642198514,1482.0129252376555
2,2020,2019-01-02,2020-12-31,Base FinRL,2,505,504,0.7014437176955539,0.3043940040093538,0.24673771086872318,1.1990844243759389,-0.1989469689769735,1066898.9869761467,1.0410055502631321,0.5205027751315661,1066.8989869761467
2,2020,2019-01-02,2020-12-31,Base FinRL,3,505,504,0.5297912962457938,0.23684732131568853,0.2459343792041131,0.9864958546924643,-0.24808849040485625,1044769.8571872711,1.0110373690509133,0.5055186845254567,1044.7698571872713
2,2020,2019-01-02,2020-12-31,Base FinRL,4,505,504,0.581442071135549,0.2575540032680701,0.3063271930693972,0.9005237033301011,-0.22120486085482016,1013131.4897246361,0.9910276692111007,0.49551383460555043,1013.1314897246361
2,2020,2019-01-02,2020-12-31,Base FinRL,5,505,504,0.263802384185726,0.12418965667974646,0.2531168677148388,0.5877883324459738,-0.1831058343405113,1013421.0854225159,1.0069799054185584,0.5034899527092792,1013.421085422516
2,2020,2019-01-02,2020-12-31,Base FinRL,6,505,504,0.5057296892741718,0.2270817777451395,0.26663617377196486,0.9000903405130661,-0.28467737377443025,2378289.8222403526,2.145393504473774,1.072696752236887,2378.289822240353
2,2020,2019-01-02,2020-12-31,Base FinRL,7,505,504,0.6844899794334391,0.2978790311247961,0.2582658736976627,1.13726349983815,-0.1961399259313984,1247659.1487903595,1.1843332232223196,0.5921666116111598,1247.6591487903597
2,2020,2019-01-02,2020-12-31,Base FinRL,8,505,504,0.6309685963755263,0.2770938087609407,0.3159543408831598,0.9314089854985084,-0.22786194355771694,1003096.9380722046,0.9806088361763032,0.4903044180881516,1003.0969380722047
2,2020,2019-01-02,2020-12-31,Base FinRL,9,505,504,0.5804564895317821,0.2571620776700918,0.21605868932226346,1.1648601403367063,-0.131806867464493,1085270.3845233917,1.0362641514012751,0.5181320757006376,1085.2703845233916
2,2020,2019-01-02,2020-12-31,QINN-MPS signal,0,505,504,0.6240085261305715,0.2743659310145463,0.296772925544982,0.9647250529336839,-0.2576323579569708,1222175.2892580032,1.1911584926374552,0.5955792463187276,1222.1752892580032
2,2020,2019-01-02,2020-12-31,QINN-MPS signal,1,505,504,0.5218233038581901,0.23362202633472395,0.26342867914898865,0.9280105421760549,-0.2614973162878599,1000124.6753635406,0.9924216473982709,0.49621082369913544,1000.1246753635409
2,2020,2019-01-02,2020-12-31,QINN-MPS signal,2,505,504,0.4563995345776435,0.20681379449260673,0.2303289862896785,0.9297314444649295,-0.18132773748749487,1100145.8866238594,1.046853817907281,0.5234269089536405,1100.1458866238595
2,2020,2019-01-02,2020-12-31,QINN-MPS signal,3,505,504,0.7838695780920217,0.3356158048226374,0.26732875019595836,1.215521546218573,-0.2337927298765694,1559184.6223640442,1.4849689857983193,0.7424844928991596,1559.1846223640441
2,2020,2019-01-02,2020-12-31,QINN-MPS signal,4,505,504,0.5857285313930205,0.2592571347397721,0.2861481364945829,0.9479864386830322,-0.2650341104843318,1955774.6479837894,1.865891467301778,0.932945733650889,1955.7746479837892
2,2020,2019-01-02,2020-12-31,QINN-MPS signal,5,505,504,0.2991777129715856,0.13981477134295184,0.2562283693886788,0.6385403356210606,-0.26975417992202166,1042302.218777895,1.0319830790100744,0.5159915395050372,1042.302218777895
2,2020,2019-01-02,2020-12-31,QINN-MPS signal,6,505,504,0.7290341613892957,0.3149274357884908,0.24470993866805918,1.2390528854509635,-0.20122170726847577,1014098.7511234283,0.9946762547259104,0.4973381273629552,1014.0987511234284
2,2020,2019-01-02,2020-12-31,QINN-MPS signal,7,505,504,1.0376738450443734,0.4274711363261863,0.2980898974332951,1.3412885779647488,-0.25755001347502415,1181446.5408346653,1.1073749218793165,0.5536874609396583,1181.4465408346653
2,2020,2019-01-02,2020-12-31,QINN-MPS signal,8,505,504,0.455440549997276,0.20641640820956852,0.23218927418869084,0.9228536563464609,-0.235566374159753,1036190.8774914742,1.0288937358831742,0.5144468679415871,1036.1908774914743
2,2020,2019-01-02,2020-12-31,QINN-MPS signal,9,505,504,0.6070850938227561,0.2677085997273807,0.2383141131999804,1.1121483393860163,-0.18609203109523342,1407647.5283708572,1.3079688087899188,0.6539844043949594,1407.6475283708573
3,2021,2019-01-02,2021-12-31,ANN signal,0,757,756,0.9675321723724057,0.2530660036547774,0.26884341122657057,0.9731470057170566,-0.24967579253632521,1185818.7317199707,1.146380552810895,0.382126850936965,1185.8187317199709
3,2021,2019-01-02,2021-12-31,ANN signal,1,757,756,0.8561767007834789,0.22896572909350232,0.2179659566487881,1.0541129110289533,-0.22794819619020656,1030094.1953775883,1.0232121623814459,0.3410707207938153,1030.0941953775882
3,2021,2019-01-02,2021-12-31,ANN signal,2,757,756,1.0953690745494233,0.27963716004441563,0.25888156692322195,1.0809746390566213,-0.256626589225476,1642136.168014288,1.4491611418415973,0.4830537139471991,1642.136168014288
3,2021,2019-01-02,2021-12-31,ANN signal,3,757,756,1.226878418803874,0.30586666423362874,0.22346176346166363,1.30547583857493,-0.2497332972748939,1519589.1593074799,1.4347243388293507,0.47824144627645027,1519.58915930748
3,2021,2019-01-02,2021-12-31,ANN signal,4,757,756,0.80465004564178,0.21748699900901403,0.25185770763049475,0.906894026276557,-0.22822560325055086,2016708.4399461746,1.886536948987623,0.628845649662541,2016.7084399461748
3,2021,2019-01-02,2021-12-31,ANN signal,5,757,756,0.6728156638544736,0.18708740046844885,0.234032297528715,0.8486155829903677,-0.22956372116551516,1080213.4498403072,1.072010829016286,0.3573369430054287,1080.2134498403072
3,2021,2019-01-02,2021-12-31,ANN signal,6,757,756,1.6682670942094928,0.3869999118413663,0.2134336287206157,1.6378256522507035,-0.16576508865159723,1121877.9069776535,1.0645267956665976,0.3548422652221992,1121.8779069776535
3,2021,2019-01-02,2021-12-31,ANN signal,7,757,756,1.1232168228409027,0.28528108288178955,0.27464409499608866,1.0507036421322213,-0.2401336939791967,1882032.2251574993,1.7583271756224725,0.5861090585408242,1882.0322251574992
3,2021,2019-01-02,2021-12-31,ANN signal,8,757,756,0.8671330594124784,0.23137903790707104,0.1943844112234051,1.1667440004838523,-0.17968776247850637,1099081.004382372,1.0712703379092494,0.3570901126364165,1099.0810043823717
3,2021,2019-01-02,2021-12-31,ANN signal,9,757,756,1.7245100379590248,0.3966775018471709,0.2151182152749355,1.6588918016168996,-0.16511361061799945,1265665.1235351562,1.169397608737396,0.38979920291246534,1265.6651235351562
3,2021,2019-01-02,2021-12-31,Base FinRL,0,757,756,0.8308679699929886,0.22335455213447597,0.3175903419747099,0.7924515579289502,-0.25608686203365105,1502489.1983327866,1.4327819528462529,0.4775939842820843,1502.4891983327866
3,2021,2019-01-02,2021-12-31,Base FinRL,1,757,756,1.3649748521861853,0.3323209051101965,0.26813427781940746,1.2037371982177905,-0.3091731351035547,1593805.1948719025,1.456493399774225,0.4854977999247417,1593.8051948719026
3,2021,2019-01-02,2021-12-31,Base FinRL,2,757,756,1.1686144658282593,0.29437698864237416,0.2261390767694509,1.2532748311610014,-0.1989469689769735,1066898.9869761467,1.0410055502631321,0.34700185008771073,1066.8989869761465
3,2021,2019-01-02,2021-12-31,Base FinRL,3,757,756,0.8700330265924732,0.23201622006681633,0.21652480852860637,1.071493007379688,-0.24808849040485625,1044769.8571872711,1.0110373690509133,0.33701245635030447,1044.7698571872713
3,2021,2019-01-02,2021-12-31,Base FinRL,4,757,756,0.7815344157148292,0.21226641125211554,0.28500253341941895,0.8171246358587549,-0.22120486085482016,1014538.3476319313,0.9919628340031074,0.3306542780010358,1014.5383476319313
3,2021,2019-01-02,2021-12-31,Base FinRL,5,757,756,0.4693345532492941,0.13685976694822855,0.22223121325158232,0.6874145177100562,-0.1831058343405113,1013421.0854225159,1.0069799054185584,0.33565996847285284,1013.4210854225158
3,2021,2019-01-02,2021-12-31,Base FinRL,6,757,756,1.142012530204505,0.2890625824287747,0.263437578807855,1.0950365086044056,-0.28467737377443025,2499565.454750538,2.220963914351155,0.7403213047837184,2499.565454750538
3,2021,2019-01-02,2021-12-31,Base FinRL,7,757,756,1.055366416017912,0.27144160517965554,0.2397055064839983,1.1207684721211393,-0.1961399259313984,1247659.1487903595,1.1843332232223196,0.3947777410741065,1247.6591487903597
3,2021,2019-01-02,2021-12-31,Base FinRL,8,757,756,0.8304930590639721,0.22327104341822235,0.2921535233472898,0.8351669175209546,-0.22786194355771694,1003096.9380722046,0.9806088361763032,0.32686961205876774,1003.0969380722047
3,2021,2019-01-02,2021-12-31,Base FinRL,9,757,756,1.2643384821508654,0.3131483202412493,0.2022299382212889,1.4465551731296789,-0.14766865459542677,1092632.5475444794,1.0400684397038495,0.3466894799012832,1092.6325475444796
3,2021,2019-01-02,2021-12-31,QINN-MPS signal,0,757,756,0.8813242434653188,0.2344908747298804,0.2744690781524658,0.904289050212321,-0.2576323579569708,1222175.2892580032,1.1911584926374552,0.3970528308791517,1222.1752892580034
3,2021,2019-01-02,2021-12-31,QINN-MPS signal,1,757,756,0.8339141945900015,0.22403265452444554,0.23343244826065687,0.9823164905522641,-0.2614973162878599,1000124.6753635406,0.9924216473982709,0.3308072157994236,1000.1246753635409
3,2021,2019-01-02,2021-12-31,QINN-MPS signal,2,757,756,0.9512954397900457,0.24960957188728394,0.20965455439943487,1.166573533357419,-0.18132773748749487,1100145.8866238594,1.0468538179072808,0.34895127263576026,1100.1458866238595
3,2021,2019-01-02,2021-12-31,QINN-MPS signal,3,757,756,1.1531142461561399,0.29128574932095574,0.23900585749874392,1.1888282244760644,-0.2337927298765694,1559184.6223640442,1.4849689857983193,0.49498966193277305,1559.1846223640441
3,2021,2019-01-02,2021-12-31,QINN-MPS signal,4,757,756,1.0505823934895773,0.27045437964326946,0.2619961387363032,1.0443178611820554,-0.2650341104843318,2084343.7419178486,1.942507474477699,0.6475024914925662,2084.3437419178485
3,2021,2019-01-02,2021-12-31,QINN-MPS signal,5,757,756,0.5254474272422556,0.15115131761308076,0.23097685048713032,0.7246789172690592,-0.26975417992202166,1042387.9902603626,1.0320446211061578,0.3440148737020526,1042.3879902603626
3,2021,2019-01-02,2021-12-31,QINN-MPS signal,6,757,756,1.2600540703923664,0.3123195836821626,0.21802982383303562,1.3543077733123885,-0.20122170726847577,1113621.4582958221,1.044552425932672,0.3481841419775573,1113.6214582958223
3,2021,2019-01-02,2021-12-31,QINN-MPS signal,7,757,756,1.6758565297582178,0.3883136960913667,0.281194366115416,1.3064523385811557,-0.25755001347502415,1192011.1393911839,1.1115628907763055,0.37052096359210185,1192.0111393911839
3,2021,2019-01-02,2021-12-31,QINN-MPS signal,8,757,756,0.5756753197467894,0.16364965261053532,0.20348145727085976,0.8457783237171772,-0.235566374159753,1037570.791903019,1.0297760849730546,0.34325869499101824,1037.570791903019
3,2021,2019-01-02,2021-12-31,QINN-MPS signal,9,757,756,1.219854643138159,0.30449227777103527,0.21452776656870604,1.3447303447918397,-0.18609203109523342,1450595.3862771988,1.334283105321017,0.44476103510700565,1450.5953862771987
4,2022,2019-01-02,2022-12-30,ANN signal,0,1008,1007,0.19628800873054675,0.0458713372404127,0.30807302318066004,0.3006935619542646,-0.5113084035078168,1186073.9358501434,1.1466029623209508,0.28693539871388246,1186.0739358501435
4,2022,2019-01-02,2022-12-30,ANN signal,1,1008,1007,0.6159498535354013,0.12760947023874225,0.22250071111611436,0.6508310825202096,-0.22794819619020656,1030094.1953775883,1.0232121623814456,0.2560570654618911,1030.0941953775882
4,2022,2019-01-02,2022-12-30,ANN signal,2,1008,1007,0.47713795491327304,0.10254754153576884,0.28135039835237746,0.4873595028230078,-0.43757044335514306,1773840.894801855,1.5334322734709165,0.38373876158358583,1773.840894801855
4,2022,2019-01-02,2022-12-30,ANN signal,3,1008,1007,0.8027608940231465,0.1589056279585368,0.23758429194399833,0.7395256716143506,-0.2497332972748939,1646053.774629593,1.4973829465835142,0.374717480177801,1646.0537746295927
4,2022,2019-01-02,2022-12-30,ANN signal,4,1008,1007,0.22941746182195533,0.05304544346676243,0.27887906384503847,0.32508151479840525,-0.47908835728221644,2067224.3467149734,1.931571100831627,0.4833723112309533,2067.2243467149738
4,2022,2019-01-02,2022-12-30,ANN signal,5,1008,1007,0.6206081723055865,0.12842204311168381,0.2265563079684919,0.6457993601249442,-0.22956372116551516,1080341.337915182,1.0720948159468682,0.2682898645666443,1080.341337915182
4,2022,2019-01-02,2022-12-30,ANN signal,6,1008,1007,1.1160646963409047,0.20632145473597552,0.2350548358937457,0.9150453894926756,-0.2707624864477486,1154051.3292694092,1.0784870518352734,0.26988951048906545,1154.0513292694093
4,2022,2019-01-02,2022-12-30,ANN signal,7,1008,1007,0.22192572007126898,0.05143592447555645,0.3144712524747081,0.31725972307127,-0.5071910245416494,2250324.56807971,2.0189634324148127,0.5052420903361795,2250.32456807971
4,2022,2019-01-02,2022-12-30,ANN signal,8,1008,1007,0.5983324015297877,0.12452040084827543,0.206146997887975,0.6719887648588758,-0.20702889181178952,1099081.004382372,1.0712703379092494,0.2680835403705371,1099.081004382372
4,2022,2019-01-02,2022-12-30,ANN signal,9,1008,1007,1.1411008975084647,0.20987741032587914,0.23959210347851953,0.9145445526715016,-0.2868106730168004,1280401.3926153183,1.1755292873602876,0.29417416128579194,1280.4013926153182
4,2022,2019-01-02,2022-12-30,Base FinRL,0,1008,1007,0.061440624816384126,0.015033451913467166,0.38324426729114663,0.2352680885808329,-0.6507046999809527,1526777.7886714935,1.4626451161139646,0.36602439847141915,1526.7777886714937
4,2022,2019-01-02,2022-12-30,Base FinRL,1,1008,1007,0.537400306030519,0.11363561844002068,0.30421483406350114,0.5060013014615984,-0.45540855723657336,1594302.6864452362,1.4567665592032328,0.36455329982047135,1594.302686445236
4,2022,2019-01-02,2022-12-30,Base FinRL,2,1008,1007,0.5932081495135624,0.12361711666197395,0.24662390753587535,0.596069513159126,-0.37381700823512565,1066898.9869761467,1.0410055502631321,0.26050982985730814,1066.8989869761467
4,2022,2019-01-02,2022-12-30,Base FinRL,3,1008,1007,0.766459205379705,0.1530210859311052,0.2203911520242935,0.7560822899202253,-0.24808849040485625,1044769.8571872711,1.0110373690509133,0.2530103445887092,1044.7698571872713
4,2022,2019-01-02,2022-12-30,Base FinRL,4,1008,1007,0.141817678299752,0.03374516138665262,0.322969841888257,0.26661816064579036,-0.5549096733515047,1022048.0329117775,0.9979515457462473,0.24973564004772028,1022.0480329117776
4,2022,2019-01-02,2022-12-30,Base FinRL,5,1008,1007,0.4663754878796882,0.10053173513303926,0.21734931766721832,0.5487853244271037,-0.1831058343405113,1013448.9527397156,1.007001396325059,0.25200034942791943,1013.4489527397157
4,2022,2019-01-02,2022-12-30,Base FinRL,6,1008,1007,0.5139596211252642,0.10936200795570672,0.2931592991836493,0.500672415510451,-0.3898492934033666,2631012.675241947,2.2931462233627853,0.573855857286417,2631.0126752419474
4,2022,2019-01-02,2022-12-30,Base FinRL,7,1008,1007,0.29315894650497243,0.06645048512665497,0.27739885163355926,0.3711653323409978,-0.4606410373528492,1247659.1487903595,1.1843332232223196,0.2963773309354762,1247.6591487903597
4,2022,2019-01-02,2022-12-30,Base FinRL,8,1008,1007,0.14277696631723757,0.03396243154555889,0.3329868260844636,0.2693511880315629,-0.5675579714727783,1003096.9380722046,0.9806088361763032,0.24539565711661213,1003.0969380722047
4,2022,2019-01-02,2022-12-30,Base FinRL,9,1008,1007,0.8023631423242168,0.15884163547273888,0.22964815707179861,0.7565315506486556,-0.3119915018208692,1105831.440202713,1.0467615445859653,0.2619502574336279,1105.8314402027129
4,2022,2019-01-02,2022-12-30,QINN-MPS signal,0,1008,1007,0.1045173578688603,0.025188803531679627,0.3200697144029764,0.23911025851539558,-0.533708625870543,1222755.8014879227,1.1917440695404122,0.2982318823477496,1222.7558014879226
4,2022,2019-01-02,2022-12-30,QINN-MPS signal,1,1008,1007,0.5831193629859976,0.12183231741058376,0.23639292111058235,0.604573902029872,-0.2614973162878599,1000124.6753635406,0.9924216473982709,0.24835179259619095,1000.1246753635409
4,2022,2019-01-02,2022-12-30,QINN-MPS signal,2,1008,1007,0.6082418560726996,0.12626106162765205,0.22344675436393235,0.6433988419398611,-0.29194402909928485,1100145.8866238594,1.046853817907281,0.26197334867193134,1100.1458866238595
4,2022,2019-01-02,2022-12-30,QINN-MPS signal,3,1008,1007,0.6360918299588618,0.131110409933483,0.2547604726671512,0.6112283443190087,-0.329022042097717,1571600.9340820312,1.4930169667415774,0.3736249013097095,1571.6009340820312
4,2022,2019-01-02,2022-12-30,QINN-MPS signal,4,1008,1007,0.4112127345456589,0.09002199103261121,0.2849223989069796,0.4449679292714033,-0.3836543652674226,2091049.429229021,1.9466528859641974,0.48714650175072266,2091.049429229021
4,2022,2019-01-02,2022-12-30,QINN-MPS signal,5,1008,1007,0.3090324224307821,0.06971142726419677,0.24031547446823737,0.4009089015086531,-0.27332583957314427,1050142.8703987598,1.0382723623624925,0.25982585433500305,1050.14287039876
4,2022,2019-01-02,2022-12-30,QINN-MPS signal,6,1008,1007,0.884875942992279,0.17189590090125906,0.2267202568279943,0.8124307380425745,-0.2027631641179345,1122507.4090270996,1.0485705189737713,0.262402950130477,1122.5074090270996
4,2022,2019-01-02,2022-12-30,QINN-MPS signal,7,1008,1007,0.5598867264508096,0.11768958316486411,0.32028438104435125,0.5073624212810202,-0.4737023653518809,1337053.326003313,1.1919438331122854,0.29828187283445473,1337.053326003313
4,2022,2019-01-02,2022-12-30,QINN-MPS signal,8,1008,1007,0.5171082972534387,0.10993893345912742,0.203387745886579,0.6141683290254997,-0.235566374159753,1048732.7276978493,1.0368909387257315,0.2594801554705902,1048.7327276978494
4,2022,2019-01-02,2022-12-30,QINN-MPS signal,9,1008,1007,0.8629351347700951,0.16846716615998214,0.22432068278115802,0.8054891213287013,-0.21197868961439248,1451514.3387908936,1.3347947346457707,0.334030062691891,1451.5143387908936
5,2023,2019-01-02,2023-12-28,ANN signal,0,1257,1256,0.823102813017504,0.1280500107311351,0.2925384816325577,0.5589005110357581,-0.5113084035078168,1186073.9358501434,1.1466029623209508,0.23005091282235637,1186.0739358501435
5,2023,2019-01-02,2023-12-28,ANN signal,1,1257,1256,1.1653449159591074,0.16766732764731018,0.20861283213048776,0.8471648902401034,-0.22794819619020656,1030094.1953775883,1.0232121623814456,0.20529415996825182,1030.0941953775882
5,2023,2019-01-02,2023-12-28,ANN signal,2,1257,1256,1.1111890188915567,0.16174852252112104,0.2756790937950153,0.6812856286940172,-0.43757044335514306,1774677.2928378582,1.533983524124858,0.3077737643944779,1774.6772928378582
5,2023,2019-01-02,2023-12-28,ANN signal,3,1257,1256,1.40050469249269,0.1920727016307735,0.22297679420928282,0.8994434691073928,-0.2497332972748939,1646053.774629593,1.497382946583514,0.3004303364164375,1646.0537746295931
5,2023,2019-01-02,2023-12-28,ANN signal,4,1257,1256,0.8335484560501027,0.12934382222669139,0.26721801269395573,0.5889362960387045,-0.47908835728221644,2307994.002158165,2.0858040288897897,0.41848934337597693,2307.9940021581647
5,2023,2019-01-02,2023-12-28,ANN signal,5,1257,1256,1.0906912287669206,0.15947659307795137,0.21260595826439,0.8016136304327489,-0.22956372116551516,1080341.337915182,1.0720948159468684,0.2151018261294672,1080.341337915182
5,2023,2019-01-02,2023-12-28,ANN signal,6,1257,1256,2.180367552282677,0.2612916250296451,0.22270054582572438,1.153314213570136,-0.2707624864477486,1154051.3292694092,1.0784870518352736,0.2163843447949753,1154.0513292694093
5,2023,2019-01-02,2023-12-28,ANN signal,7,1257,1256,1.1270337311140937,0.163492662862883,0.30220559437002126,0.6524466357539773,-0.5071910245416494,2260044.971521139,2.025168052646629,0.4063235264864256,2260.044971521139
5,2023,2019-01-02,2023-12-28,ANN signal,8,1257,1256,1.126854801481723,0.16347302487240611,0.19619992960874025,0.8694604098312566,-0.20702889181178952,1099081.004382372,1.0712703379092499,0.21493640537669664,1099.081004382372
5,2023,2019-01-02,2023-12-28,ANN signal,9,1257,1256,2.2810305849626884,0.26920193260389724,0.22842072341385303,1.1574826307928001,-0.2868106730168004,1280401.3926153183,1.1755292873602876,0.2358546022410768,1280.4013926153184
5,2023,2019-01-02,2023-12-28,Base FinRL,0,1257,1256,0.7219508493952416,0.11520441960408645,0.3656352208362869,0.4846118843572615,-0.6507046999809527,1526777.7886714935,1.4626451161139644,0.2934606443158591,1526.777788671494
5,2023,2019-01-02,2023-12-28,Base FinRL,1,1257,1256,1.3773045264029422,0.1897521764018697,0.2957219014573358,0.7354161101486595,-0.45540855723657336,1594329.6380119324,1.4567831326568148,0.2922845138770042,1594.3296380119323
5,2023,2019-01-02,2023-12-28,Base FinRL,2,1257,1256,1.287704048584302,0.18061659984811684,0.23262949783362422,0.8301372222988156,-0.37381700823512565,1066898.9869761467,1.0410055502631324,0.20886417091266668,1066.8989869761467
5,2023,2019-01-02,2023-12-28,Base FinRL,3,1257,1256,1.0116066493036553,0.15054060920763535,0.20541243942395915,0.7852833570207094,-0.24808849040485625,1044769.8571872711,1.0110373690509133,0.2028514466567119,1044.7698571872713
5,2023,2019-01-02,2023-12-28,Base FinRL,4,1257,1256,0.6376919896273925,0.10403514498935973,0.3074202246784347,0.4774123021636497,-0.5549096733515047,1022167.8385415077,0.9980469968757172,0.2002450980992681,1022.1678385415079
5,2023,2019-01-02,2023-12-28,Base FinRL,5,1257,1256,0.748904829111988,0.1186851254102268,0.20513838992238817,0.6487462187643468,-0.1831058343405113,1013448.9527397156,1.007001396325059,0.20204168142827617,1013.4489527397155
5,2023,2019-01-02,2023-12-28,Base FinRL,6,1257,1256,1.463546001953984,0.19828890162344948,0.2867626051372172,0.7741635924349202,-0.3898492934033666,2639744.4983468056,2.2976649321832747,0.46099646728517935,2639.744498346806
5,2023,2019-01-02,2023-12-28,Base FinRL,7,1257,1256,1.0517539681419357,0.15511137955594867,0.26443061355575753,0.6778235523313528,-0.4606410373528492,1247659.1487903595,1.1843332232223196,0.2376209970159431,1247.6591487903595
5,2023,2019-01-02,2023-12-28,Base FinRL,8,1257,1256,0.6870519340296399,0.11063244964032792,0.31718526226315125,0.4913054498955149,-0.5675579714727783,1003096.9380722046,0.9806088361763032,0.19674635885065958,1003.0969380722047
5,2023,2019-01-02,2023-12-28,Base FinRL,9,1257,1256,1.6226105705079932,0.21342648779831253,0.22001264115485025,0.989001393330368,-0.3119915018208692,1136226.2086963654,1.0612059898570747,0.2129171253534895,1136.2262086963656
5,2023,2019-01-02,2023-12-28,QINN-MPS signal,0,1257,1256,0.7322230528990727,0.11653602403008945,0.3046500116159816,0.515098930422554,-0.533708625870543,1222755.8014879227,1.1917440695404118,0.23910788656384058,1222.7558014879228
5,2023,2019-01-02,2023-12-28,QINN-MPS signal,1,1257,1256,1.063808833383947,0.15646986309949984,0.22057025161821636,0.7693927700797624,-0.2614973162878599,1000124.6753635406,0.992421647398271,0.199116445178634,1000.1246753635407
5,2023,2019-01-02,2023-12-28,QINN-MPS signal,2,1257,1256,1.1359844268277044,0.16447334385773216,0.21353405719009416,0.8194342413904707,-0.29194402909928485,1100145.8866238594,1.046853817907281,0.21003754945273473,1100.1458866238593
5,2023,2019-01-02,2023-12-28,QINN-MPS signal,3,1257,1256,1.24375133221232,0.17603025724107169,0.2389385049697801,0.798274218753252,-0.329022042097717,1578979.8013057709,1.4972995396640671,0.30041360190712174,1578.9798013057707
5,2023,2019-01-02,2023-12-28,QINN-MPS signal,4,1257,1256,1.1564836570493857,0.1667070211275603,0.27064313294167885,0.7049267176332165,-0.3836543652674226,2094160.1972916126,1.9482854267322662,0.39089803147812985,2094.160197291613
5,2023,2019-01-02,2023-12-28,QINN-MPS signal,5,1257,1256,0.7034089775662491,0.11278464228533625,0.22554050829709607,0.5868074584934629,-0.27332583957314427,1069645.027869463,1.050826137557409,0.21083454352266487,1069.6450278694629
5,2023,2019-01-02,2023-12-28,QINN-MPS signal,6,1257,1256,1.7139432660629295,0.22178934036577758,0.21355089440417294,1.0443335213268732,-0.2027631641179345,1181376.5094738007,1.0753224221539228,0.21574940317101,1181.3765094738008
5,2023,2019-01-02,2023-12-28,QINN-MPS signal,7,1257,1256,1.8929419390282822,0.2375472528839504,0.31566036532493347,0.8327727928916496,-0.4737023653518809,1352348.9844620228,1.1987735540192994,0.24051826083826708,1352.3489844620228
5,2023,2019-01-02,2023-12-28,QINN-MPS signal,8,1257,1256,0.8063412057845893,0.12596145752374976,0.19278335804189584,0.7114641996000228,-0.235566374159753,1079225.0716385841,1.0570793137325865,0.2120891616724616,1079.225071638584
5,2023,2019-01-02,2023-12-28,QINN-MPS signal,9,1257,1256,1.7562748780031923,0.22558931371080382,0.21286113987541982,1.0614694703833365,-0.21197868961439248,1451709.4029655457,1.3348721203595626,0.26782466109124986,1451.7094029655457
