window,year,seed,metric,ann,mps,mps_minus_ann
2017-2018,2017,0,period_return,0.1272912826741656,0.0943966726178235,-0.03289461005634209
2017-2018,2017,0,sharpe,1.5109015749587509,1.4478148233462635,-0.06308675161248734
2017-2018,2017,0,max_drawdown,-0.0388468469166677,-0.0297212709028935,0.009125576013774197
2017-2018,2017,0,annualized_turnover,1.0067998076079057,0.9974713130654934,-0.009328494542412247
2017-2018,2017,0,total_cost,1020.3154617824556,1016.4416202003956,-3.873841582059981
2017-2018,2018,0,period_return,0.1214104357187684,0.1565934264599737,0.0351829907412053
2017-2018,2018,0,sharpe,0.6684433187015292,0.8168942644013178,0.14845094569978867
2017-2018,2018,0,max_drawdown,-0.2103777142677311,-0.2263951426639586,-0.016017428396227495
2017-2018,2018,0,annualized_turnover,0.0037830404159103,0.2509335226963276,0.24715048228041733
2017-2018,2018,0,total_cost,4.393334957122804,280.3719162156582,275.97858125853537
2017-2018,2017,1,period_return,0.0610904291335492,0.0848003156215788,0.023709886488029602
2017-2018,2017,1,sharpe,1.966594756383244,1.7552211939266291,-0.21137356245661487
2017-2018,2017,1,max_drawdown,-0.0138299281348979,-0.0178099983849464,-0.0039800702500485015
2017-2018,2017,1,annualized_turnover,0.3681662830604092,0.9041286095637164,0.5359623265033072
2017-2018,2017,1,total_cost,370.16483603405953,924.2812688732148,554.1164328391553
2017-2018,2018,1,period_return,-0.023100608867778,0.0357366471046003,0.058837255972378294
2017-2018,2018,1,sharpe,-0.0520931266375855,0.2795016280779733,0.33159475471555877
2017-2018,2018,1,max_drawdown,-0.1880896649410176,-0.1527576567200692,0.0353320082209484
2017-2018,2018,1,annualized_turnover,0.5390086930465386,0.1577715106602432,-0.38123718238629545
2017-2018,2018,1,total_cost,593.9684012765885,171.52882124328613,-422.4395800333023
2017-2018,2017,2,period_return,0.1808367130341579,0.1775989602063068,-0.0032377528278511036
2017-2018,2017,2,sharpe,2.2253767513533638,2.0552774738094164,-0.17009927754394738
2017-2018,2017,2,max_drawdown,-0.0310973899493749,-0.0376269104915452,-0.006529520542170299
2017-2018,2017,2,annualized_turnover,1.0015408200020253,0.9942163033944432,-0.007324516607582043
2017-2018,2017,2,total_cost,1009.143819567442,999.3930599341392,-9.750759633302891
2017-2018,2018,2,period_return,0.0282906012840087,0.0480434659634088,0.019752864679400097
2017-2018,2018,2,sharpe,0.2491222994491052,0.3465586539540769,0.09743635450497173
2017-2018,2018,2,max_drawdown,-0.1978401766242047,-0.2235783761080618,-0.02573819948385711
2017-2018,2018,2,annualized_turnover,0.3586212458188558,0.0158180468834035,-0.3428031989354523
2017-2018,2018,2,total_cost,442.42775378489495,18.94914661717415,-423.4786071677208
2017-2018,2017,3,period_return,0.1539462311581088,0.16990450889914,0.0159582777410312
2017-2018,2017,3,sharpe,2.5419108606327536,2.559711598742081,0.017800738109327252
2017-2018,2017,3,max_drawdown,-0.0196348469606573,-0.0189898668747591,0.0006449800858982016
2017-2018,2017,3,annualized_turnover,1.0018150958086045,0.9885364502170408,-0.013278645591563665
2017-2018,2017,3,total_cost,1043.9353605790138,1021.72729475379,-22.208065825223798
2017-2018,2018,3,period_return,-0.0757740891682474,-0.0848428740919881,-0.009068784923740691
2017-2018,2018,3,sharpe,-0.3106816355022648,-0.3811371556611688,-0.070455520158904
2017-2018,2018,3,max_drawdown,-0.2462795657642471,-0.2431084021993288,0.0031711635649182834
2017-2018,2018,3,annualized_turnover,0.0117477888165241,0.0031422458962027,-0.0086055429203214
2017-2018,2018,3,total_cost,13.75659207391739,3.667683647394181,-10.08890842652321
2017-2018,2017,4,period_return,0.21919582070243,0.1857898631217125,-0.03340595758071749
2017-2018,2017,4,sharpe,2.3600376144625947,2.50174800680757,0.1417103923449754
2017-2018,2017,4,max_drawdown,-0.0448112769974081,-0.0444622260567115,0.00034905094069660053
2017-2018,2017,4,annualized_turnover,1.036620539794482,1.1179947724815436,0.08137423268706145
2017-2018,2017,4,total_cost,1060.1445621302128,1146.5650537362098,86.42049160599709
2017-2018,2018,4,period_return,0.0716916874829411,0.0206522134576221,-0.051039474025319
2017-2018,2018,4,sharpe,0.417128080476665,0.2036899855289498,-0.2134380949477152
2017-2018,2018,4,max_drawdown,-0.2287637295011524,-0.214711141088874,0.014052588412278383
2017-2018,2018,4,annualized_turnover,0.3344496170243626,0.4995350012132199,0.16508538418885732
2017-2018,2018,4,total_cost,458.83924224638935,632.6091942176819,173.76995197129253
2017-2018,2017,5,period_return,0.0428942285895233,0.0790352935990659,0.0361410650095426
2017-2018,2017,5,sharpe,1.315371963980614,0.9096807459154324,-0.4056912180651817
2017-2018,2017,5,max_drawdown,-0.0175962127442382,-0.0560050304141617,-0.0384088176699235
2017-2018,2017,5,annualized_turnover,0.5801752744831832,1.0073310728034552,0.42715579832027206
2017-2018,2017,5,total_cost,587.2941663405896,1047.8634043388367,460.5692379982471
2017-2018,2018,5,period_return,0.0130575652132729,0.2606077529596347,0.24755018774636178
2017-2018,2018,5,sharpe,0.1805847769238024,0.8218559496588771,0.6412711727350747
2017-2018,2018,5,max_drawdown,-0.2953215778789499,-0.3479759695728572,-0.05265439169390729
2017-2018,2018,5,annualized_turnover,0.4966710240588375,0.0718117878305051,-0.42485923622833244
2017-2018,2018,5,total_cost,597.1122571132184,99.71708316707613,-497.39517394614234
2017-2018,2017,6,period_return,0.154803681706898,0.1755820347828103,0.020778353075912276
2017-2018,2017,6,sharpe,1.484766930622005,1.5919908781233676,0.10722394750136255
2017-2018,2017,6,max_drawdown,-0.1067418201340408,-0.096514821306041,0.010226998827999795
2017-2018,2017,6,annualized_turnover,0.9836505705032192,1.0007235548457722,0.017072984342553
2017-2018,2017,6,total_cost,1004.6369128293992,1008.279155330658,3.6422425012588064
2017-2018,2018,6,period_return,0.0460711278936682,0.0405442991268383,-0.005526828766829896
2017-2018,2018,6,sharpe,0.3456812656539633,0.3118113030918977,-0.03386996256206559
2017-2018,2018,6,max_drawdown,-0.2008474729263958,-0.1997046043017784,0.0011428686246174047
2017-2018,2018,6,annualized_turnover,0.0121633918272805,0.0254877474144963,0.0133243555872158
2017-2018,2018,6,total_cost,14.671055179595946,30.72427314376831,16.053217964172365
2017-2018,2017,7,period_return,0.1163438092096227,0.0853959447054495,-0.030947864504173195
2017-2018,2017,7,sharpe,1.351587127895568,1.355708939305473,0.004121811409905085
2017-2018,2017,7,max_drawdown,-0.0846028733251178,-0.0588522767546367,0.0257505965704811
2017-2018,2017,7,annualized_turnover,1.021194591474394,1.0627795324858524,0.041584941011458376
2017-2018,2017,7,total_cost,1037.9044766061306,1074.538191356659,36.63371475052827
2017-2018,2018,7,period_return,0.1053080365588152,0.1468519075249255,0.0415438709661103
2017-2018,2018,7,sharpe,0.6214643650620963,0.7818130507809669,0.1603486857188705
2017-2018,2018,7,max_drawdown,-0.1717134039421922,-0.1813676981092584,-0.009654294167066202
2017-2018,2018,7,annualized_turnover,0.0589258371313849,0.0388300716492951,-0.0200957654820898
2017-2018,2018,7,total_cost,67.61226401901246,43.570491755008696,-24.04177226400376
2017-2018,2017,8,period_return,0.1939037769238467,0.1662735511224298,-0.027630225801416886
2017-2018,2017,8,sharpe,2.104349681937988,1.634326021918567,-0.470023660019421
2017-2018,2017,8,max_drawdown,-0.0457610562600402,-0.0553759018540903,-0.009614845594050098
2017-2018,2017,8,annualized_turnover,0.995650493663084,1.0176518318069423,0.022001338143858296
2017-2018,2017,8,total_cost,1012.9553816804888,1032.2752859535217,19.319904273032876
2017-2018,2018,8,period_return,0.0290780489406186,0.1250276127426277,0.09594956380200909
2017-2018,2018,8,sharpe,0.2427120851603087,0.6235728770942934,0.3808607919339847
2017-2018,2018,8,max_drawdown,-0.2399077198387273,-0.2255984368795399,0.014309282959187403
2017-2018,2018,8,annualized_turnover,0.0013409715487509,0.0057024613493487,0.0043614898005977995
2017-2018,2018,8,total_cost,1.8595402603149416,7.785371612548828,5.925831352233887
2017-2018,2017,9,period_return,0.2316981477033692,0.2157754794167521,-0.015922668286617092
2017-2018,2017,9,sharpe,1.753805610095706,1.5647776108537266,-0.18902799924197944
2017-2018,2017,9,max_drawdown,-0.0945712376408102,-0.0688170660328316,0.025754171607978604
2017-2018,2017,9,annualized_turnover,1.028373029872049,1.0513980646532144,0.023025034781165354
2017-2018,2017,9,total_cost,1053.8903034143448,1085.2153435697558,31.32504015541099
2017-2018,2018,9,period_return,0.095887320768861,0.1594737962459382,0.06358647547707719
2017-2018,2018,9,sharpe,0.4594053930082148,0.6031183474131595,0.1437129544049447
2017-2018,2018,9,max_drawdown,-0.3252188257345553,-0.3574527030183659,-0.03223387728381061
2017-2018,2018,9,annualized_turnover,0.2651223601001213,0.3446087854422288,0.07948642534210748
2017-2018,2018,9,total_cost,396.64673230457305,558.4950531816482,161.8483208770752
2019-2020,2019,0,period_return,0.1515420209596332,0.1341702297768547,-0.017371791182778512
2019-2020,2019,0,sharpe,1.8207985630938053,1.5990793201916116,-0.2217192429021937
2019-2020,2019,0,max_drawdown,-0.057399660590284,-0.0612047328278112,-0.003805072237527199
2019-2020,2019,0,annualized_turnover,1.1531555692237403,1.1110168764145631,-0.04213869280917715
2019-2020,2019,0,total_cost,1200.7939550709723,1149.3102245407104,-51.48373053026194
2019-2020,2020,0,period_return,0.1337426841658804,0.2174990872029849,0.0837564030371045
2019-2020,2020,0,sharpe,0.5326791218483897,0.7723327988473678,0.2396536769989781
2019-2020,2020,0,max_drawdown,-0.2678598945040522,-0.2111121543500062,0.05674774015404599
2019-2020,2020,0,annualized_turnover,0.0680142047002703,0.0745449110359529,0.006530706335682604
2019-2020,2020,0,total_cost,76.27839064216613,87.78378545379638,11.505394811630254
2019-2020,2019,1,period_return,0.2737824791760719,0.3195106410256421,0.04572816184957018
2019-2020,2019,1,sharpe,2.2678555046138174,2.4971585768277293,0.229303072213912
2019-2020,2019,1,max_drawdown,-0.0602762118791228,-0.0588269984747614,0.0014492134043613963
2019-2020,2019,1,annualized_turnover,1.012180235994522,1.1204837410152677,0.1083035050207457
2019-2020,2019,1,total_cost,1031.6320185422896,1151.0049609165192,119.37294237422952
2019-2020,2020,1,period_return,0.1891059910228807,0.270234793598721,0.08112880257584029
2019-2020,2020,1,sharpe,0.6859691996291156,0.8269641518698162,0.14099495224070058
2019-2020,2020,1,max_drawdown,-0.2198533900191662,-0.221948469886029,-0.0020950798668628035
2019-2020,2020,1,annualized_turnover,0.0507389261368363,0.4863935926118448,0.4356546664750085
2019-2020,2020,1,total_cost,62.662785123825074,669.2303229846955,606.5675378608704
2019-2020,2019,2,period_return,0.0405375213646788,0.0077939483501601,-0.032743573014518704
2019-2020,2019,2,sharpe,0.2980676436351616,0.147976394622183,-0.15009124901297857
2019-2020,2019,2,max_drawdown,-0.2186887897529705,-0.2496356641829946,-0.030946874430024085
2019-2020,2019,2,annualized_turnover,0.979936417325876,1.022782427450157,0.04284601012428091
2019-2020,2019,2,total_cost,1002.7007315251828,1046.3051572172642,43.60442569208135
2019-2020,2020,2,period_return,0.5034242447842177,0.5531220056350334,0.049697760850815786
2019-2020,2020,2,sharpe,1.294079926701571,1.3097806172989337,0.015700690597362676
2019-2020,2020,2,max_drawdown,-0.2388696664725921,-0.2379436936502648,0.0009259728223273145
2019-2020,2020,2,annualized_turnover,0.0,0.0486693353638682,0.0486693353638682
2019-2020,2020,2,total_cost,0.0,65.31964779376983,65.31964779376983
2019-2020,2019,3,period_return,0.1791411519890011,0.2972893351141275,0.11814818312512637
2019-2020,2019,3,sharpe,2.438343567399155,2.462156332417253,0.023812765018098148
2019-2020,2019,3,max_drawdown,-0.0481659456050609,-0.055486057973123,-0.007320112368062098
2019-2020,2019,3,annualized_turnover,1.5624766170317177,1.9728081614755144,0.4103315444437967
2019-2020,2019,3,total_cost,1630.4955606303215,2071.5971397099493,441.10157907962775
2019-2020,2020,3,period_return,0.3365922880597602,0.3275901404724315,-0.009002147587328702
2019-2020,2020,3,sharpe,1.048142516303424,0.9433679463174568,-0.10477456998596713
2019-2020,2020,3,max_drawdown,-0.2189313416292665,-0.24252700261806,-0.02359566098879351
2019-2020,2020,3,annualized_turnover,0.669489856471697,0.099455892244377,-0.57003396422732
2019-2020,2020,3,total_cost,832.7746431140899,123.49485619688036,-709.2797869172095
2019-2020,2019,4,period_return,0.0762797639265193,-0.0032892026699347,-0.079568966596454
2019-2020,2019,4,sharpe,0.5485918330997924,0.0877464123433737,-0.4608454207564187
2019-2020,2019,4,max_drawdown,-0.165270187042048,-0.2333211570666137,-0.0680509700245657
2019-2020,2019,4,annualized_turnover,1.1859843977608224,1.1305866736797818,-0.0553977240810406
2019-2020,2019,4,total_cost,1205.9655084495544,1150.0738588130473,-55.891649636507054
2019-2020,2020,4,period_return,0.3368127472025461,0.4859501983082188,0.14913745110567267
2019-2020,2020,4,sharpe,1.0244989261405375,1.239667206942813,0.21516828080227546
2019-2020,2020,4,max_drawdown,-0.2636514121226008,-0.2324178696805634,0.031233542442037382
2019-2020,2020,4,annualized_turnover,0.633396152386609,1.0366713159748084,0.4032751635881995
2019-2020,2020,4,total_cost,716.7738557777404,1139.341136918068,422.5672811403276
2019-2020,2019,5,period_return,0.1010441891211137,0.2700899426851908,0.16904575356407714
2019-2020,2019,5,sharpe,1.4795632497906608,2.14688725248835,0.6673240026976894
2019-2020,2019,5,max_drawdown,-0.0447249812873586,-0.0627525872388297,-0.018027605951471105
2019-2020,2019,5,annualized_turnover,0.6919230733245232,1.2481657691393342,0.556242695814811
2019-2020,2019,5,total_cost,701.8716508293152,1281.9345795490742,580.062928719759
2019-2020,2020,5,period_return,0.0464930759240911,0.1381018267760141,0.091608750851923
2019-2020,2020,5,sharpe,0.3081689147693724,0.53783918163079,0.22967026686141762
2019-2020,2020,5,max_drawdown,-0.2344993111981389,-0.2623955371126424,-0.027896225914503497
2019-2020,2020,5,annualized_turnover,0.7203431117723785,0.3824747405829276,-0.33786837118945096
2019-2020,2020,5,total_cost,784.5346100273134,483.93188299942017,-300.60272702789325
2019-2020,2019,6,period_return,0.1228839628586462,0.182025290533496,0.05914132767484981
2019-2020,2019,6,sharpe,0.8622900117910128,1.2390279423254515,0.3767379305344387
2019-2020,2019,6,max_drawdown,-0.1224997274650614,-0.1015291387225414,0.02097058874251999
2019-2020,2019,6,annualized_turnover,0.9990201763568252,0.9822711434605838,-0.01674903289624141
2019-2020,2019,6,total_cost,1020.15770104599,999.1052070121766,-21.052494033813446
2019-2020,2020,6,period_return,0.2304114874869325,0.2304851946824417,7.370719550919835e-05
2019-2020,2020,6,sharpe,0.7912381234274312,0.8169170979647463,0.025678974537315158
2019-2020,2020,6,max_drawdown,-0.3205510222022247,-0.3111130321474865,0.009437990054738221
2019-2020,2020,6,annualized_turnover,0.0552183853401355,0.0331845830750393,-0.0220338022650962
2019-2020,2020,6,total_cost,52.54226990222931,31.29446096563339,-21.247808936595916
2019-2020,2019,7,period_return,0.2279967596520329,0.2012011973499352,-0.026795562302097703
2019-2020,2019,7,sharpe,1.8878466626313668,1.684826089579068,-0.2030205730522987
2019-2020,2019,7,max_drawdown,-0.0779497912377603,-0.0642950520779923,0.013654739159768003
2019-2020,2019,7,annualized_turnover,1.462342095482822,1.143072461451413,-0.31926963403140896
2019-2020,2019,7,total_cost,1503.798276052952,1180.9572146861556,-322.84106136679634
2019-2020,2020,7,period_return,0.1935947025145372,0.3674352822253841,0.17384057971084688
2019-2020,2020,7,sharpe,0.6827343195181773,1.101380703642616,0.41864638412443866
2019-2020,2020,7,max_drawdown,-0.2695057081867889,-0.2614367026057055,0.008069005581083366
2019-2020,2020,7,annualized_turnover,0.5805461905623758,0.1170823638903888,-0.463463826671987
2019-2020,2020,7,total_cost,708.6816201286316,131.15292695140838,-577.5286931772232
2019-2020,2019,8,period_return,0.2817185462986165,0.2500369736356354,-0.031681572662981106
2019-2020,2019,8,sharpe,2.1246122961612324,2.157429332435248,0.03281703627401544
2019-2020,2019,8,max_drawdown,-0.0691259063417782,-0.0624240280318687,0.006701878309909502
2019-2020,2019,8,annualized_turnover,1.1840411605040146,1.1407075980648365,-0.043333562439178186
2019-2020,2019,8,total_cost,1236.160772687912,1182.621661222458,-53.53911146545397
2019-2020,2020,8,period_return,0.3460035041667932,0.2304082447147586,-0.11559525945203461
2019-2020,2020,8,sharpe,1.1058302115310563,0.8270860294916897,-0.2787441820393666
2019-2020,2020,8,max_drawdown,-0.190228046613797,-0.1981023618708294,-0.007874315257032416
2019-2020,2020,8,annualized_turnover,0.142150972103468,0.033565882901736,-0.108585089201732
2019-2020,2020,8,total_cost,177.64420003128052,46.4386678314209,-131.20553219985962
2019-2020,2019,9,period_return,0.0041574499434549,0.0454536968842018,0.0412962469407469
2019-2020,2019,9,sharpe,0.1320791148151979,0.4154293264273963,0.28335021161219837
2019-2020,2019,9,max_drawdown,-0.2510559349687938,-0.1335983991290152,0.11745753583977861
2019-2020,2019,9,annualized_turnover,1.1886402164264975,1.6007648879731238,0.41212467154662624
2019-2020,2019,9,total_cost,1197.3910258681774,1635.2718300347328,437.88080416655544
2019-2020,2020,9,period_return,0.6497799505491062,0.533545883203481,-0.11623406734562525
2019-2020,2020,9,sharpe,1.5480200633300096,1.4749328928486134,-0.07308717048139624
2019-2020,2020,9,max_drawdown,-0.2207353959983898,-0.2312400144153058,-0.010504618416916023
2019-2020,2020,9,annualized_turnover,0.7284949229700134,0.3596624279436499,-0.3688324950263635
2019-2020,2020,9,total_cost,844.20245013237,380.6972354044914,-463.50521472787864
2021-2022,2021,0,period_return,0.2927583387563757,0.32249229043414,0.029733951677764325
2021-2022,2021,0,sharpe,1.8532532083060531,2.025670256558601,0.17241704825254778
2021-2022,2021,0,max_drawdown,-0.0664550990989399,-0.0755330999372378,-0.009078000838297892
2021-2022,2021,0,annualized_turnover,1.0788969937398232,1.0222409970486253,-0.05665599669119792
2021-2022,2021,0,total_cost,1074.139351078033,1007.360558251381,-66.77879282665208
2021-2022,2022,0,period_return,-0.3108747687422523,-0.25001950271621,0.0608552660260423
2021-2022,2022,0,sharpe,-0.99090453154279,-0.8135072067052137,0.1773973248375763
2021-2022,2022,0,max_drawdown,-0.4038223811534205,-0.2643898573747136,0.1394325237787069
2021-2022,2022,0,annualized_turnover,0.3881875168558762,0.0160554652843284,-0.37213205157154783
2021-2022,2022,0,total_cost,343.65362291240695,17.203108699798584,-326.45051421260837
2021-2022,2021,1,period_return,0.2369495893397117,0.2163532627458124,-0.02059632659389929
2021-2022,2021,1,sharpe,1.8870420465558813,1.4775754362884983,-0.40946661026738296
2021-2022,2021,1,max_drawdown,-0.0370024570295371,-0.0538994502181462,-0.0168969931886091
2021-2022,2021,1,annualized_turnover,1.6579650506291632,1.3435061966832773,-0.3144588539458859
2021-2022,2021,1,total_cost,1726.0219626646042,1360.668450399399,-365.35351226520515
2021-2022,2022,1,period_return,-0.044931678505718,-0.1702562488524832,-0.1253245703467652
2021-2022,2022,1,sharpe,-0.0814341221660135,-0.4819563907087644,-0.40052226854275086
2021-2022,2022,1,max_drawdown,-0.1945820851038061,-0.2523785122081687,-0.05779642710436261
2021-2022,2022,1,annualized_turnover,0.6093147110344941,0.9252202645119186,0.31590555347742455
2021-2022,2022,1,total_cost,662.7467677059174,940.648857254982,277.9020895490646
2021-2022,2021,2,period_return,0.3818326501700047,0.2407441217320853,-0.14108852843791939
2021-2022,2021,2,sharpe,2.459936624940106,1.653034028432011,-0.8069025965080947
2021-2022,2021,2,max_drawdown,-0.0859674079199253,-0.0722007807615383,0.013766627158387001
2021-2022,2021,2,annualized_turnover,1.0437433530947784,1.0006695979903384,-0.043073755104440004
2021-2022,2021,2,total_cost,1037.4772561416626,1001.3068796691896,-36.17037647247298
2021-2022,2022,2,period_return,-0.0945496306937578,-0.080280219886977,0.014269410806780791
2021-2022,2022,2,sharpe,-0.3109211749459644,-0.2786713646737317,0.03224981027223267
2021-2022,2022,2,max_drawdown,-0.199834246783806,-0.1569010204799585,0.04293322630384752
2021-2022,2022,2,annualized_turnover,0.0,0.0018219091657492,0.0018219091657492
2021-2022,2022,2,total_cost,0.0,1.98059614944458,1.98059614944458
2021-2022,2021,3,period_return,0.2063085033032223,0.4074072056939866,0.20109870239076427
2021-2022,2021,3,sharpe,1.767839634386035,2.841215447970846,1.0733758135848108
2021-2022,2021,3,max_drawdown,-0.0455312343902352,-0.0480925819260629,-0.0025613475358277
2021-2022,2021,3,annualized_turnover,1.2091617174548357,1.1120939062322652,-0.09706781122257047
2021-2022,2021,3,total_cost,1237.951187438965,1135.2407867650986,-102.71040067386639
2021-2022,2022,3,period_return,-0.0112195123602742,-0.1471821587641795,-0.13596264640390532
2021-2022,2022,3,sharpe,0.0606784350454905,-0.5105721960136027,-0.5712506310590932
2021-2022,2022,3,max_drawdown,-0.1607813922365422,-0.2445568438372504,-0.0837754516007082
2021-2022,2022,3,annualized_turnover,0.4483165742171046,0.1267058593043157,-0.3216107149127889
2021-2022,2022,3,total_cost,494.9613277482986,159.3706926021576,-335.590635146141
2021-2022,2021,4,period_return,0.0620270412410723,0.2385348518796139,0.1765078106385416
2021-2022,2021,4,sharpe,0.5604849643717645,1.78955330921717,1.2290683448454054
2021-2022,2021,4,max_drawdown,-0.0781800730243019,-0.0600585157560968,0.018121557268205093
2021-2022,2021,4,annualized_turnover,1.0959581334630029,1.104070586770591,0.00811245330758803
2021-2022,2021,4,total_cost,1104.1145235052109,1112.1090531167983,7.994529611587495
2021-2022,2022,4,period_return,-0.2345296339411067,-0.2169054412436505,0.017624192697456215
2021-2022,2022,4,sharpe,-0.8755354840830449,-0.7888419491069002,0.08669353497614474
2021-2022,2022,4,max_drawdown,-0.3569796125375936,-0.3206217509190461,0.03635786161854748
2021-2022,2022,4,annualized_turnover,0.1641012310433056,0.103384784834591,-0.060716446208714595
2021-2022,2022,4,total_cost,138.38018102264405,105.77359675598144,-32.60658426666261
2021-2022,2021,5,period_return,0.3114238057530687,0.3597292403615431,0.04830543460847436
2021-2022,2021,5,sharpe,1.8239652305266227,1.7134958088157906,-0.11046942171083218
2021-2022,2021,5,max_drawdown,-0.0692118168437623,-0.0778986440832848,-0.008686827239522493
2021-2022,2021,5,annualized_turnover,1.1733356326834932,1.2184426047230204,0.04510697203952718
2021-2022,2021,5,total_cost,1181.0121638031003,1246.8467880754472,65.8346242723469
2021-2022,2022,5,period_return,-0.2547166024825659,-0.3511790898986849,-0.09646248741611901
2021-2022,2022,5,sharpe,-0.7306283599267349,-0.9445825371269831,-0.21395417720024823
2021-2022,2022,5,max_drawdown,-0.3341035258814497,-0.3842432286177857,-0.050139702736336
2021-2022,2022,5,annualized_turnover,0.0673490277437786,0.1793829111041926,0.112033883360414
2021-2022,2022,5,total_cost,67.65929822349548,174.91187600421907,107.25257778072358
2021-2022,2021,6,period_return,0.0765242880714913,0.1887046347723686,0.1121803467008773
2021-2022,2021,6,sharpe,0.6159088329123982,1.4028388590437617,0.7869300261313635
2021-2022,2021,6,max_drawdown,-0.1035073018299661,-0.071401010886996,0.0321062909429701
2021-2022,2021,6,annualized_turnover,1.060835846046067,1.0203885974179034,-0.04044724862816351
2021-2022,2021,6,total_cost,1075.3998395433428,1013.730867316246,-61.66897222709679
2021-2022,2022,6,period_return,-0.3072181670518958,-0.1526372152687887,0.1545809517831071
2021-2022,2022,6,sharpe,-0.9482906447963058,-0.52949047711389,0.4188001676824158
2021-2022,2022,6,max_drawdown,-0.3290651164798293,-0.229280750656693,0.09978436582313627
2021-2022,2022,6,annualized_turnover,0.2347341880598974,0.0322984805771834,-0.202435707482714
2021-2022,2022,6,total_cost,206.4418477420807,33.07882720088959,-173.36302054119113
2021-2022,2021,7,period_return,0.2707453382696407,0.261051108271997,-0.009694229997643689
2021-2022,2021,7,sharpe,1.6565550225601986,1.5726538503590444,-0.08390117220115423
2021-2022,2021,7,max_drawdown,-0.07655897466365,-0.0566675601705879,0.0198914144930621
2021-2022,2021,7,annualized_turnover,1.0061410593500977,1.205095591718191,0.19895453236809324
2021-2022,2021,7,total_cost,1012.4702249259948,1231.1408735084535,218.67064858245874
2021-2022,2022,7,period_return,-0.2278067492882457,-0.0305928637322336,0.1972138855560121
2021-2022,2022,7,sharpe,-0.7163448121128252,0.0236894421321015,0.7400342542449267
2021-2022,2022,7,max_drawdown,-0.3595223008942612,-0.2015269115580139,0.1579953893362473
2021-2022,2022,7,annualized_turnover,0.1231657232437861,0.057642177177784,-0.0655235460660021
2021-2022,2022,7,total_cost,110.83835535812378,71.14525979232788,-39.6930955657959
2021-2022,2021,8,period_return,0.1904769244162005,0.2368693211735046,0.04639239675730408
2021-2022,2021,8,sharpe,0.9292966188099138,1.4684602924428507,0.5391636736329369
2021-2022,2021,8,max_drawdown,-0.1119207745744499,-0.0758766163827319,0.03604415819171801
2021-2022,2021,8,annualized_turnover,1.0082053572966223,1.3966920576179338,0.3884867003213115
2021-2022,2021,8,total_cost,1023.7754281616212,1467.7104541473389,443.93502598571763
2021-2022,2022,8,period_return,-0.438745318899988,-0.1839297412078728,0.2548155776921152
2021-2022,2022,8,sharpe,-0.9294655869583932,-0.547410457397384,0.3820551295610092
2021-2022,2022,8,max_drawdown,-0.5773766951630805,-0.258582336227746,0.31879435893533453
2021-2022,2022,8,annualized_turnover,0.0261614945937829,0.1191589624683958,0.09299746787461291
2021-2022,2022,8,total_cost,17.220012772560118,117.5582216835022,100.33820891094209
2021-2022,2021,9,period_return,0.14626695038113,0.1735836939685671,0.027316743587437103
2021-2022,2021,9,sharpe,0.7701159142581511,0.8328819143616687,0.06276600010351763
2021-2022,2021,9,max_drawdown,-0.1127319735174686,-0.1234422398207186,-0.010710266303250005
2021-2022,2021,9,annualized_turnover,1.0838139002463183,0.9848293288290368,-0.09898457141728145
2021-2022,2021,9,total_cost,1097.8294726905824,998.9639255676268,-98.8655471229556
2021-2022,2022,9,period_return,-0.3702637351242768,-0.3783637990445347,-0.008100063920257916
2021-2022,2022,9,sharpe,-0.8460141409967945,-0.8515501827749031,-0.005536041778108625
2021-2022,2022,9,max_drawdown,-0.5402413157684852,-0.555421397622534,-0.015180081854048733
2021-2022,2022,9,annualized_turnover,0.0101774038783901,6.673133294550578e-05,-0.010110672545444595
2021-2022,2022,9,total_cost,6.732960735321045,0.036904369354248,-6.696056365966797
