window,state_family,state,seed,observations,ann_mean_daily_return,mps_mean_daily_return,mps_minus_ann_mean_daily_return,mps_minus_ann_annualized_mean_return,ann_annualized_downside_deviation,mps_annualized_downside_deviation,mps_minus_ann_downside_deviation
2017-2018,benchmark_direction,negative,0,205,-0.006200133151501068,-0.00576513832212063,0.0004349948293804378,0.10961869700387034,0.17735127919485594,0.17466198473815162,-0.002689294456704322
2017-2018,benchmark_direction,negative,1,205,-0.004663903371386023,-0.005009895390034947,-0.00034599201864892284,-0.08718998869952856,0.1406537021951499,0.15468086478633142,0.01402716259118153
2017-2018,benchmark_direction,negative,2,205,-0.005524750486067869,-0.005986968423586668,-0.0004622179375187995,-0.11647892025473747,0.15302515645051581,0.1667846704857286,0.013759514035212778
2017-2018,benchmark_direction,negative,3,205,-0.005455616920634116,-0.005092382788741846,0.00036323413189227167,0.09153500123685246,0.1633593101102697,0.15931237114385455,-0.004046938966415142
2017-2018,benchmark_direction,negative,4,205,-0.006873422409846159,-0.00499480572608542,0.0018786166837607395,0.47341140430770634,0.19174366718271135,0.16561001404420542,-0.026133653138505936
2017-2018,benchmark_direction,negative,5,205,-0.006320569056812438,-0.009528586021637343,-0.0032080169648249037,-0.8084202751358758,0.20502589546607206,0.28088427665262256,0.0758583811865505
2017-2018,benchmark_direction,negative,6,205,-0.00433370851730119,-0.004641766138475609,-0.00030805762117441825,-0.0776305205359534,0.16525290564167494,0.17034439613954722,0.005091490497872275
2017-2018,benchmark_direction,negative,7,205,-0.00579839913213087,-0.005483218887539709,0.00031518024459115937,0.07942542163697217,0.16773882025310294,0.1692844534255494,0.0015456331724464645
2017-2018,benchmark_direction,negative,8,205,-0.006502703554719142,-0.007031166578848114,-0.0005284630241289694,-0.1331726820805003,0.17923047929376817,0.1949225374782768,0.01569205818450864
2017-2018,benchmark_direction,negative,9,205,-0.008783051485044952,-0.00955411078375437,-0.0007710592987094165,-0.19430694327477296,0.24192304944237825,0.27435932502484567,0.03243627558246742
2017-2018,benchmark_direction,nonnegative,0,296,0.005167099901407639,0.00486686170647694,-0.0003002381949306996,-0.0756600251225363,0.016746072468910272,0.018957158755153043,0.00221108628624277
2017-2018,benchmark_direction,nonnegative,1,296,0.0034020819788943206,0.003929616232192149,0.0005275342532978282,0.1329386318310527,0.012940470973730136,0.024568711023719488,0.011628240049989353
2017-2018,benchmark_direction,nonnegative,2,296,0.004542177326615628,0.004927184892502941,0.0003850075658873133,0.09702190660360295,0.016079576933906825,0.014154044000162085,-0.0019255329337447401
2017-2018,benchmark_direction,nonnegative,3,296,0.004065047832614991,0.00382342265901037,-0.0002416251736046215,-0.06088954374836462,0.028821801520179935,0.032513599653045684,0.0036917981328657493
2017-2018,benchmark_direction,nonnegative,4,296,0.005766055752397745,0.004173081038584271,-0.0015929747138134739,-0.4014296278809954,0.023453373739660745,0.025010330695675025,0.0015569569560142799
2017-2018,benchmark_direction,nonnegative,5,296,0.004679168720072349,0.00787519620852995,0.003196027488457601,0.8053989270913154,0.042126645937413484,0.05565672339513029,0.013530077457716803
2017-2018,benchmark_direction,nonnegative,6,296,0.003709522881527093,0.0039698405729161985,0.0002603176913891065,0.06560005823005484,0.03585744215439839,0.03470323693505909,-0.001154205219339302
2017-2018,benchmark_direction,nonnegative,7,296,0.0047997564263017505,0.004612958275686123,-0.00018679815061562802,-0.04707313395513826,0.019856192048353923,0.016148307416839817,-0.0037078846315141065
2017-2018,benchmark_direction,nonnegative,8,296,0.005284753066101232,0.005895386012452025,0.0006106329463507927,0.15387950248039978,0.022294395359682743,0.03351840843294209,0.011224013073259348
2017-2018,benchmark_direction,nonnegative,9,296,0.007268641808361818,0.008007087822346106,0.0007384460139842887,0.18608839552404075,0.04317030862417651,0.05748177239272265,0.014311463768546147
2017-2018,benchmark_volatility,low,0,241,0.0011801052030504474,0.0011983950967874015,1.8289893736954314e-05,0.004609053221712487,0.05942451842830678,0.05686337718142753,-0.002561141246879249
2017-2018,benchmark_volatility,low,1,241,0.00043038133163700185,0.0006443189408246821,0.00021393760918768024,0.05391227751529542,0.04321191100742902,0.04076827789890412,-0.002443633108524898
2017-2018,benchmark_volatility,low,2,241,0.0011175904825758867,0.0011385462534497211,2.0955770873834555e-05,0.005280854260206308,0.04265864524457734,0.052066143650736724,0.009407498406159384
2017-2018,benchmark_volatility,low,3,241,0.0008572096752547648,0.0009255472159829573,6.833754072819253e-05,0.01722106026350452,0.04590865234281854,0.04757588426223043,0.001667231919411892
2017-2018,benchmark_volatility,low,4,241,0.0014255936714372244,0.0010092231273426708,-0.0004163705440945538,-0.10492537711182756,0.054562096216384776,0.055642438821105235,0.0010803426047204592
2017-2018,benchmark_volatility,low,5,241,0.0010095295809597826,0.0019156799394521714,0.000906150358492389,0.22834989034008202,0.06902782433268094,0.09118211450867024,0.0221542901759893
2017-2018,benchmark_volatility,low,6,241,0.0008248002851569843,0.0008876611930505815,6.286090789359748e-05,0.015840948789186564,0.0782317688666009,0.08079943716222834,0.0025676682956274482
2017-2018,benchmark_volatility,low,7,241,0.0009437489110624911,0.0009069848329349169,-3.676407812757399e-05,-0.009264547688148645,0.06479290579881981,0.05800816385562993,-0.006784741943189884
2017-2018,benchmark_volatility,low,8,241,0.0013300848424048673,0.0013430485346760395,1.2963692271172323e-05,0.0032668504523354256,0.056362597295721656,0.05938538310437925,0.0030227858086575923
2017-2018,benchmark_volatility,low,9,241,0.0017845835574955744,0.0019438311089560218,0.0001592475514604478,0.04013038296803285,0.08261272553362851,0.09669914300978313,0.01408641747615462
2017-2018,benchmark_volatility,high,0,241,-0.00011135226259171973,-0.00012653815467226996,-1.5185892080550205e-05,-0.003826844804298652,0.15351866004034995,0.15217636261042328,-0.00134229742992667
2017-2018,benchmark_volatility,high,1,241,-0.0002202125061035157,-8.045532123278611e-05,0.0001397571848707294,0.035218810587423814,0.12315240951740435,0.13939604646791667,0.016243636950512327
2017-2018,benchmark_volatility,high,2,241,-0.00024022095322090282,-0.0001821558281717327,5.806512504917018e-05,0.014632411512390885,0.13570409427162575,0.14558836020820448,0.009884265936578734
2017-2018,benchmark_volatility,high,3,241,-0.0005079836912577021,-0.0005645910608650568,-5.6607369607354666e-05,-0.014265057141053377,0.14701200641907744,0.1436105131540152,-0.0034014932650622276
2017-2018,benchmark_volatility,high,4,241,-0.00020109607167936175,-0.00014042383409223992,6.0672237587121544e-05,0.015289403871954628,0.17021068708907333,0.1449199047902643,-0.025290782298809045
2017-2018,benchmark_volatility,high,5,241,-0.0006394007507221876,-0.0003499593347681787,0.0002894414159540089,0.07293923682041024,0.18212968615813957,0.2502012932280567,0.0680716070699171
2017-2018,benchmark_volatility,high,6,241,4.145137525259754e-05,3.653496420272056e-05,-4.916411049877112e-06,-0.001238935584569032,0.1366988161866663,0.14010825817101277,0.0034094419843464785
2017-2018,benchmark_volatility,high,7,241,2.138826609757518e-05,9.49454396457023e-05,7.355717354812714e-05,0.018536407734128037,0.14218212821897203,0.14605031485283126,0.0038681866338592386
2017-2018,benchmark_volatility,high,8,241,-0.0003824621294635254,-9.310244082131156e-05,0.00028935968864221367,0.07291864153783785,0.15734130675207217,0.17368055328553964,0.016339246533467466
2017-2018,benchmark_volatility,high,9,241,-0.00033968220777214433,-0.0002483680477860941,9.131415998604985e-05,0.023011168316484563,0.21271446206956943,0.24235494694931736,0.029640484879747936
2017-2018,benchmark_drawdown,at_or_above_prior_peak,0,127,0.004566769275603745,0.004260213452786289,-0.00030655582281745357,-0.0772520673499983,0.016620437435475654,0.017477888115206796,0.0008574506797311421
2017-2018,benchmark_drawdown,at_or_above_prior_peak,1,127,0.002561279182288188,0.002901171789800647,0.0003398926075124588,0.08565293709313962,0.010229370357565173,0.026859464627543503,0.01663009426997833
2017-2018,benchmark_drawdown,at_or_above_prior_peak,2,127,0.00383137710230421,0.004000559613773893,0.00016918251146968242,0.04263399289035997,0.010401250845571239,0.011518288221964216,0.001117037376392977
2017-2018,benchmark_drawdown,at_or_above_prior_peak,3,127,0.0030058445075746227,0.0028438975866171496,-0.00016194692095747334,-0.04081062408128328,0.03509318814548967,0.038225503047135026,0.0031323149016453528
2017-2018,benchmark_drawdown,at_or_above_prior_peak,4,127,0.004365933019101596,0.003152051493031976,-0.0012138815260696195,-0.3058981445695441,0.02932876576909154,0.027170243833306126,-0.0021585219357854145
2017-2018,benchmark_drawdown,at_or_above_prior_peak,5,127,0.0031279312642478515,0.006157832359433178,0.003029901095185326,0.7635350759867021,0.0572101408542932,0.07476648714044422,0.01755634628615102
2017-2018,benchmark_drawdown,at_or_above_prior_peak,6,127,0.0028064011295813184,0.003105524730650405,0.00029912360106908604,0.07537914746940969,0.033515467744516504,0.030573517747236458,-0.002941949997280046
2017-2018,benchmark_drawdown,at_or_above_prior_peak,7,127,0.003696709610662565,0.003526499274773091,-0.0001702103358894738,-0.0428930046441474,0.01757595784522075,0.01699542142635827,-0.0005805364188624824
2017-2018,benchmark_drawdown,at_or_above_prior_peak,8,127,0.004268428276729761,0.00472723419454472,0.0004588059178149624,0.11561909128937052,0.022932472460747984,0.03486586833812234,0.011933395877374353
2017-2018,benchmark_drawdown,at_or_above_prior_peak,9,127,0.005621424671926078,0.006130596800110276,0.0005091721281841988,0.1283113763024181,0.05593091446061312,0.07671722377128323,0.02078630931067011
2017-2018,benchmark_drawdown,below_prior_peak,0,374,-0.0008597471209698739,-0.0007548379663674158,0.00010490915460245799,0.026437106959819413,0.13179030338995834,0.13000899770670615,-0.0017813056832521879
2017-2018,benchmark_drawdown,below_prior_peak,1,374,-0.0007335999506203636,-0.0006211523196068723,0.00011244763101349118,0.028336803015399776,0.10459864391128744,0.11553080360285484,0.010932159691567397
2017-2018,benchmark_drawdown,below_prior_peak,2,374,-0.0007344231362521982,-0.0007405156941274891,-6.092557875290979e-06,-0.0015353245845733268,0.1140317902547691,0.12393893422183348,0.00990714396706438
2017-2018,benchmark_drawdown,below_prior_peak,3,374,-0.0007938223602618541,-0.0007309635243994293,6.285883586242474e-05,0.015840426637331033,0.12192929597719612,0.11938264969913352,-0.0025466462780626004
2017-2018,benchmark_drawdown,below_prior_peak,4,374,-0.0006865577131942057,-0.0005053842942289513,0.00018117341896525414,0.04565570157924404,0.14246240252425382,0.12360307620109744,-0.018859326323156386
2017-2018,benchmark_drawdown,below_prior_peak,5,374,-0.0008233422087289089,-0.001081141086520866,-0.000257798877791957,-0.06496531720357317,0.15275481294286342,0.2092809968331035,0.056526183890240084
2017-2018,benchmark_drawdown,below_prior_peak,6,374,-0.00039252517799880234,-0.00045692751229119323,-6.440233429239075e-05,-0.01622938824168247,0.12491894276725031,0.12861140206126373,0.00369245929401342
2017-2018,benchmark_drawdown,below_prior_peak,7,374,-0.0006348289851755496,-0.0005521113107987448,8.271767437680482e-05,0.020844853942954815,0.12501780881766514,0.1257622258990457,0.0007444170813805662
2017-2018,benchmark_drawdown,below_prior_peak,8,374,-0.0008311703537329911,-0.0007933519563776554,3.7818397355336104e-05,0.009530236133544699,0.1335014424501053,0.14595343392813756,0.012451991478032248
2017-2018,benchmark_drawdown,below_prior_peak,9,374,-0.0009703970922292226,-0.0009814986868160519,-1.1101594586829241e-05,-0.002797601835880969,0.18025786793294707,0.20463571425115618,0.024377846318209107
2017-2018,benchmark_return_tail,bottom_decile,0,51,-0.017114011874931265,-0.016395771748821685,0.0007182401261095798,0.1809965117796141,0.32580775961552866,0.3252239208129097,-0.0005838388026189745
2017-2018,benchmark_return_tail,bottom_decile,1,51,-0.013078325820263258,-0.013236056762260976,-0.00015773094199771214,-0.03974819738342346,0.2626093978977901,0.27471132459442577,0.012101926696635679
2017-2018,benchmark_return_tail,bottom_decile,2,51,-0.014706529618335951,-0.01611930582058865,-0.0014127762022527021,-0.3560196029676809,0.2796644302873069,0.30606698591794873,0.02640255563064181
2017-2018,benchmark_return_tail,bottom_decile,3,51,-0.015141170579955267,-0.01445677748077328,0.0006843930991819881,0.172467060993861,0.2996932852254562,0.2910066439373336,-0.008686641288122576
2017-2018,benchmark_return_tail,bottom_decile,4,51,-0.019030282262710675,-0.01449889856297795,0.004531383699732726,1.141908692332647,0.3504355014296896,0.306655285941214,-0.043780215488475605
2017-2018,benchmark_return_tail,bottom_decile,5,51,-0.018047480789484732,-0.02620984541668043,-0.008162364627195702,-2.056915886053317,0.3681859795045154,0.5052475669586786,0.13706158745416314
2017-2018,benchmark_return_tail,bottom_decile,6,51,-0.012049825264842676,-0.012617129456431928,-0.0005673041915892512,-0.14296065628049132,0.2829665858036011,0.29089132901766485,0.007924743214063723
2017-2018,benchmark_return_tail,bottom_decile,7,51,-0.01555442040802132,-0.015556067088540633,-1.6466805193119195e-06,-0.00041496349086660373,0.2987536656255792,0.31214072056487757,0.01338705493929837
2017-2018,benchmark_return_tail,bottom_decile,8,51,-0.018203236002827694,-0.01899045178768768,-0.0007872157848599882,-0.198378377784717,0.3337411862068726,0.3561954856680412,0.022454299461168614
2017-2018,benchmark_return_tail,bottom_decile,9,51,-0.02309658020387441,-0.025666672246404794,-0.002570092042530383,-0.6476631947176564,0.42452596167508455,0.4822992869107016,0.05777332523561707
2017-2018,benchmark_return_tail,middle_80pct,0,399,0.001049018867544757,0.0010341608538144852,-1.4858013730271888e-05,-0.0037442194600285157,0.05291703155546228,0.04920342816495966,-0.003713603390502619
2017-2018,benchmark_return_tail,middle_80pct,1,399,0.00042219653115070367,0.0004029257063302687,-1.9270824820435107e-05,-0.004856247854749647,0.03837482534629506,0.05544599963025657,0.01707117428396151
2017-2018,benchmark_return_tail,middle_80pct,2,399,0.0008568192993771548,0.0009532779994698619,9.645870009270697e-05,0.024307592423362157,0.04717934023960371,0.049667658414497766,0.002488318174894054
2017-2018,benchmark_return_tail,middle_80pct,3,399,0.0006290925308127848,0.0006943515178430027,6.525898703021809e-05,0.016445264731614957,0.05303064713291784,0.0545116543734493,0.0014810072405314623
2017-2018,benchmark_return_tail,middle_80pct,4,399,0.001118193070218841,0.0009264394603054193,-0.00019175360991342192,-0.04832190969818233,0.06000388265372696,0.05027635817682184,-0.00972752447690512
2017-2018,benchmark_return_tail,middle_80pct,5,399,0.0007263419722486226,0.001239513201582621,0.0005131712293339989,0.12931914979216774,0.07474228772353832,0.1010135370503727,0.02627124932683439
2017-2018,benchmark_return_tail,middle_80pct,6,399,0.0008026898240231633,0.0008236404188786795,2.0950594855516022e-05,0.0052795499035900376,0.06868517045317003,0.07043087599940812,0.0017457055462380827
2017-2018,benchmark_return_tail,middle_80pct,7,399,0.000888989943174659,0.0009016273087991687,1.263736562450958e-05,0.0031846161373764144,0.05778303449584837,0.04959938525469533,-0.008183649241153043
2017-2018,benchmark_return_tail,middle_80pct,8,399,0.001028614797255779,0.001016996899019682,-1.1617898236096469e-05,-0.00292771035549631,0.05134561442821094,0.06422761892860882,0.012882004500397878
2017-2018,benchmark_return_tail,middle_80pct,9,399,0.0012279543646456818,0.0014525893239739286,0.00022463495932824665,0.056608009750718155,0.09167611635508069,0.1066797677655091,0.015003651410428406
2017-2018,benchmark_return_tail,top_decile,0,51,0.013974320631962332,0.013378272305889635,-0.000596048326072694,-0.1502041781703189,0.0,0.0,0.0
2017-2018,benchmark_return_tail,top_decile,1,51,0.010773613245546656,0.012753125251396945,0.0019795120058502917,0.4988370254742735,0.00297133856927831,0.01262243724589889,0.00965109867662058
2017-2018,benchmark_return_tail,top_decile,2,51,0.012158289198391398,0.013193036792297056,0.0010347475939056587,0.260756393664226,0.00023351586573488035,0.0,-0.00023351586573488035
2017-2018,benchmark_return_tail,top_decile,3,51,0.01188322489230316,0.010745961397550402,-0.0011372634947527584,-0.28659040067769515,0.0164872847968809,0.014908424920423567,-0.0015788598764573322
2017-2018,benchmark_return_tail,top_decile,4,51,0.016119338609258762,0.011393946973008757,-0.0047253916362500065,-1.1907986923350016,0.0015962466961926755,0.007863805633221253,0.0062675589370285775
2017-2018,benchmark_return_tail,top_decile,5,51,0.01411624231041933,0.023918319453106778,0.009802077142687446,2.4701234399572365,0.0005461596150540466,0.0022812134316356632,0.0017350538165816166
2017-2018,benchmark_return_tail,top_decile,6,51,0.009879928933470778,0.010555918163551574,0.0006759892300807982,0.17034928598036114,0.015912182571001805,0.014181611762927765,-0.0017305708080740407
2017-2018,benchmark_return_tail,top_decile,7,51,0.013149500658448799,0.013235017705140314,8.551704669151776e-05,0.021550295766262474,0.0031098147073156434,0.00507943636214437,0.0019696216548287264
2017-2018,benchmark_return_tail,top_decile,8,51,0.014689811978190142,0.016987772342846177,0.0022979603646560353,0.5790860118933209,0.0,0.009800187112627055,0.009800187112627055
2017-2018,benchmark_return_tail,top_decile,9,51,0.02037184744597746,0.022371028020506837,0.0019991805745293756,0.5037935047814026,0.009799588595262759,0.009813351366750392,1.3762771487632955e-05
2019-2020,benchmark_direction,negative,0,210,-0.008266237155972545,-0.008193179889744145,7.305726622840217e-05,0.01841043108955735,0.27417977605238925,0.2531683349952971,-0.02101144105709213
2019-2020,benchmark_direction,negative,1,210,-0.00853968136436877,-0.009462672626639896,-0.000922991262271126,-0.23259379809232375,0.25680220630446043,0.2845353080165738,0.02773310171211335
2019-2020,benchmark_direction,negative,2,210,-0.011251057958837813,-0.011476152847025415,-0.0002250948881875998,-0.05672391182327515,0.31095506485249896,0.3306423510396198,0.019687286187120845
2019-2020,benchmark_direction,negative,3,210,-0.007963981533121188,-0.009777244663404608,-0.001813263130283421,-0.4569423088314221,0.24519369561543625,0.2878632526124108,0.042669556996974556
2019-2020,benchmark_direction,negative,4,210,-0.011028505423487654,-0.01108068484033871,-5.217941685105891e-05,-0.013149213046466846,0.2945563520776819,0.3202192900971259,0.025662938019444026
2019-2020,benchmark_direction,negative,5,210,-0.008909065821031407,-0.009568861874664731,-0.0006597960536333261,-0.1662686055155982,0.2946625402733467,0.29109131340633093,-0.0035712268670157754
2019-2020,benchmark_direction,negative,6,210,-0.010380728461700127,-0.009650643800228021,0.0007300846614721059,0.1839813346909707,0.2925129668335416,0.27550032611486447,-0.01701264071867714
2019-2020,benchmark_direction,negative,7,210,-0.00957075515114456,-0.009444423907350832,0.00012633124379372992,0.03183547343601994,0.2772923131215363,0.27228916201104286,-0.005003151110493431
2019-2020,benchmark_direction,negative,8,210,-0.007832470389345219,-0.006936287389164009,0.0008961830001812093,0.22583811604566473,0.23923517608521952,0.2316111613475578,-0.007624014737661722
2019-2020,benchmark_direction,negative,9,210,-0.011203748723693573,-0.009577969151730325,0.00162577957196325,0.409696452134739,0.31738457617232985,0.26610318290074964,-0.05128139327158021
2019-2020,benchmark_direction,nonnegative,0,295,0.00700748376774173,0.0071123727463385175,0.000104888978596786,0.026432022606390073,0.02173712450824401,0.014883831769107564,-0.006853292739136445
2019-2020,benchmark_direction,nonnegative,1,295,0.007692395993965663,0.008742276385489132,0.0010498803915234701,0.26456985866391447,0.026761376108802342,0.031347653507641376,0.004586277398839034
2019-2020,benchmark_direction,nonnegative,2,295,0.009824419630389472,0.01004200148193358,0.0002175818515441086,0.05483062658911537,0.06929752956554092,0.0889991401281952,0.01970161056265428
2019-2020,benchmark_direction,nonnegative,3,295,0.0074006310874551885,0.009059147054290553,0.0016585159668353658,0.4179460236425122,0.03225791053654402,0.029534920433666494,-0.002722990102877524
2019-2020,benchmark_direction,nonnegative,4,295,0.009322201239510091,0.009533597401406335,0.00021139616189624392,0.05327183279785347,0.021786264681262976,0.07171983208224421,0.04993356740098123
2019-2020,benchmark_direction,nonnegative,5,295,0.0070658293966321005,0.008303400760404051,0.0012375713637719499,0.31186798367053137,0.03391060746590638,0.02355048073737913,-0.01036012672852725
2019-2020,benchmark_direction,nonnegative,6,295,0.008710447734832935,0.008343429491110764,-0.00036701824372217026,-0.0924885974179869,0.026683263836934302,0.02772675456601566,0.0010434907290813589
2019-2020,benchmark_direction,nonnegative,7,295,0.008334135365207785,0.008617513811741707,0.0002833784465339196,0.07141136852654774,0.027033981246455945,0.01566803196650733,-0.011365949279948613
2019-2020,benchmark_direction,nonnegative,8,295,0.007613378602350272,0.0065747221951182,-0.0010386564072320723,-0.26174141462248224,0.03851417432594907,0.03805076590881168,-0.00046340841713739256
2019-2020,benchmark_direction,nonnegative,9,295,0.01000387119981843,0.008626227714268533,-0.0013776434855498967,-0.347166158358574,0.08016817308176225,0.026200957549396765,-0.053967215532365484
2019-2020,benchmark_volatility,low,0,243,0.0011042043686499432,0.0009829301559213207,-0.00012127421272862239,-0.030561101607612842,0.06368852028249046,0.060172657156334936,-0.0035158631261555245
2019-2020,benchmark_volatility,low,1,243,0.001212782354951554,0.0015643141642207843,0.0003515318092692302,0.08858601593584602,0.07323027452531979,0.07950020995818372,0.0062699354328639295
2019-2020,benchmark_volatility,low,2,243,0.0011378230055025126,0.0012210128588056193,8.318985330310644e-05,0.020963843032382825,0.14962770497902558,0.1727321857033796,0.023104480724354004
2019-2020,benchmark_volatility,low,3,243,0.0011708321261874825,0.0015502470423614959,0.0003794149161740135,0.0956125588758514,0.060452863763504026,0.07846179433809608,0.018008930574592054
2019-2020,benchmark_volatility,low,4,243,0.0009290808654624014,0.0011416286203305797,0.0002125477548681786,0.053562034226781005,0.11449595135602397,0.1595849572121559,0.04508900585613193
2019-2020,benchmark_volatility,low,5,243,0.0010494812533772197,0.0012728179127603342,0.000223336659383114,0.05628083816454473,0.07951090056010889,0.0869290109249023,0.007418110364793409
2019-2020,benchmark_volatility,low,6,243,0.0007422081236769423,0.0008766735814242433,0.00013446545774730093,0.033885295352319836,0.10326035976119899,0.09793676479367629,-0.005323594967522702
2019-2020,benchmark_volatility,low,7,243,0.0009901293672797016,0.0011706830343236395,0.00018055366704393736,0.045499524095072214,0.07857607579136595,0.07540934703613605,-0.0031667287552299
2019-2020,benchmark_volatility,low,8,243,0.0013674916949647472,0.0010912679921604772,-0.0002762237028042701,-0.06960837310667607,0.07816030456124112,0.06674357182223042,-0.011416732739010699
2019-2020,benchmark_volatility,low,9,243,0.0012723394208807586,0.0008700331272934399,-0.00040230629358731863,-0.1013811859840043,0.17086485050649203,0.08890914952481493,-0.0819557009816771
2019-2020,benchmark_volatility,high,0,243,0.0002584721799662103,0.0005641489558636072,0.00030567677589739696,0.07703054752614404,0.24795654798417616,0.22810768672087883,-0.019848861263297324
2019-2020,benchmark_volatility,high,1,243,0.0007574603028767326,0.0008801149142644246,0.00012265461138769187,0.03090896206969835,0.22909612432627854,0.2546164588303575,0.02552033450407895
2019-2020,benchmark_volatility,high,2,243,0.001049388533187238,0.0010391048587417315,-1.0283674445506494e-05,-0.0025914859602676364,0.2583797868632226,0.2721091410480784,0.013729354184855769
2019-2020,benchmark_volatility,high,3,243,0.000939736933987529,0.001004028353639728,6.429141965219918e-05,0.016201437752354192,0.22258409298704354,0.25787523494681486,0.035291141959771316
2019-2020,benchmark_volatility,high,4,243,0.0008656474283437639,0.0008607762894884423,-4.871138855321944e-06,-0.00122752699154113,0.2498378687425071,0.26334342146515527,0.013505552722648168
2019-2020,benchmark_volatility,high,5,243,-0.00017106836736523,0.0005397326943484175,0.0007108010617136475,0.17912186755183918,0.2647774851720941,0.25754585836192906,-0.007231626810165037
2019-2020,benchmark_volatility,high,6,243,0.0008705344275556784,0.0009171542009117548,4.661977335607648e-05,0.011748182885731272,0.25321433921490966,0.23853149569340154,-0.014682843521508115
2019-2020,benchmark_volatility,high,7,243,0.0008298301540961648,0.0011093949358859712,0.00027956478178980644,0.07045032501103123,0.2472231756354321,0.2421939165556011,-0.005029259079831011
2019-2020,benchmark_volatility,high,8,243,0.0011130054767615892,0.0009047128212522484,-0.0002082926555093406,-0.052489749188353835,0.2124703614327763,0.2089288814657453,-0.003541479967031025
2019-2020,benchmark_volatility,high,9,243,0.001202284869433953,0.0013274960721179761,0.0001252112026840232,0.03155322307637385,0.25619664479950294,0.2326238944021285,-0.023572750397374442
2019-2020,benchmark_drawdown,at_or_above_prior_peak,0,110,0.003956678992020595,0.004234365572816617,0.00027768658079602274,0.06997701836059773,0.015803223302167622,0.01170591630124551,-0.004097307000922113
2019-2020,benchmark_drawdown,at_or_above_prior_peak,1,110,0.0045585507391584365,0.005555442004876053,0.000996891265717618,0.25121659896083975,0.01530311244349661,0.01656058641835964,0.0012574739748630308
2019-2020,benchmark_drawdown,at_or_above_prior_peak,2,110,0.008272800130997241,0.00870515106310269,0.00043235093210544764,0.10895243489057281,0.034990102483910254,0.044298722419194136,0.009308619935283882
2019-2020,benchmark_drawdown,at_or_above_prior_peak,3,110,0.005192644097361164,0.006288479088326815,0.0010958349909656524,0.2761504177233444,0.00431591215457793,0.008827426428558844,0.004511514273980914
2019-2020,benchmark_drawdown,at_or_above_prior_peak,4,110,0.0067991857066344585,0.007694327909083973,0.0008951422024495148,0.2255758350172777,0.01809997123410454,0.04270229445241131,0.02460232321830677
2019-2020,benchmark_drawdown,at_or_above_prior_peak,5,110,0.0041215344916461,0.005273850523447021,0.0011523160318009206,0.290383640013832,0.019991435693699114,0.012161699405680569,-0.007829736288018545
2019-2020,benchmark_drawdown,at_or_above_prior_peak,6,110,0.005844553729685275,0.00564940464382841,-0.0001951490858568631,-0.0491775696359295,0.02930619967642203,0.030401679346656187,0.0010954796702341563
2019-2020,benchmark_drawdown,at_or_above_prior_peak,7,110,0.005367068295979234,0.0055292878494017355,0.00016221955342250128,0.040879327462470326,0.010311044506221013,0.008703065511579062,-0.0016079789946419516
2019-2020,benchmark_drawdown,at_or_above_prior_peak,8,110,0.005162684417555449,0.003882224763618403,-0.0012804596539370454,-0.32267583279213546,0.017591863805941382,0.0184867171223084,0.0008948533163670169
2019-2020,benchmark_drawdown,at_or_above_prior_peak,9,110,0.00831794258501772,0.0059352801956084585,-0.0023826623894092633,-0.6004309221311344,0.03578639084399808,0.020466001889971892,-0.015320388954026189
2019-2020,benchmark_drawdown,below_prior_peak,0,395,-0.0002631310896017454,-0.00022328615110439376,3.984493849735142e-05,0.010040924501332558,0.20062290384727416,0.18493968217574625,-0.015683221671527914
2019-2020,benchmark_drawdown,below_prior_peak,1,395,-6.459961925316278e-05,-4.8831236484683216e-05,1.5768382768479075e-05,0.003973632457656727,0.18849476039966734,0.2090448024261563,0.02055004202648897
2019-2020,benchmark_drawdown,below_prior_peak,2,395,-0.0009481680881031474,-0.0010257424750537377,-7.757438695059024e-05,-0.01954874551154874,0.23377745957063498,0.2519740035952279,0.018196544024592948
2019-2020,benchmark_drawdown,below_prior_peak,3,395,-0.00015301468826809286,-0.00018355872915241494,-3.0544040884321954e-05,-0.007697098302849132,0.18092665239178696,0.21138759937844817,0.030460946986661214
2019-2020,benchmark_drawdown,below_prior_peak,4,395,-0.0007945498759663821,-0.0009136927925455644,-0.00011914291657918231,-0.03002401497795394,0.21538488106669917,0.24051790562309566,0.025133024556396488
2019-2020,benchmark_drawdown,below_prior_peak,5,395,-0.0006072226442815097,-0.00035463627073309097,0.0002525863735484188,0.06365176613420154,0.21658295380678116,0.21312334771703986,-0.0034596060897413017
2019-2020,benchmark_drawdown,below_prior_peak,6,395,-0.0006411944441688375,-0.0004728050860540098,0.0001683893581148278,0.042434118244936606,0.21396776423079278,0.20166527859915806,-0.012302485631634719
2019-2020,benchmark_drawdown,below_prior_peak,7,395,-0.0003586485102829788,-0.00012502306206091726,0.00023362544822206184,0.058873612951959586,0.203457564847816,0.198945182898291,-0.004512381949524996
2019-2020,benchmark_drawdown,below_prior_peak,8,395,8.413321518920234e-05,0.0001414632198415253,5.733000465232303e-05,0.014447161172385403,0.17734020987502758,0.1717719181497079,-0.005568291725319668
2019-2020,benchmark_drawdown,below_prior_peak,9,395,-0.0008015668667877542,-0.00030257510802805343,0.0004989917587597007,0.1257459232074446,0.24082661659735083,0.19504449434521595,-0.04578212225213488
2019-2020,benchmark_return_tail,bottom_decile,0,51,-0.02324823462353327,-0.02231920180789773,0.0009290328156355354,0.23411626954015494,0.5222463595992854,0.4809458866940795,-0.04130047290520594
2019-2020,benchmark_return_tail,bottom_decile,1,51,-0.024890171431125506,-0.027734642861695465,-0.0028444714305699607,-0.7168068005036301,0.49466045854634955,0.5449563442883403,0.05029588574199073
2019-2020,benchmark_return_tail,bottom_decile,2,51,-0.02620745921043028,-0.02583894993608263,0.0003685092743476459,0.09286433713560677,0.5222615267742536,0.5271926855923971,0.004931158818143433
2019-2020,benchmark_return_tail,bottom_decile,3,51,-0.02303061536856945,-0.02780927160708456,-0.004778656238515116,-1.2042213721058093,0.4671392019508962,0.5500475325353329,0.0829083305844367
2019-2020,benchmark_return_tail,bottom_decile,4,51,-0.027564462176287004,-0.026139027305697764,0.0014254348705892489,0.35920958738849074,0.5376697600883537,0.528863179558042,-0.008806580530311692
2019-2020,benchmark_return_tail,bottom_decile,5,51,-0.023696510017005026,-0.02689569116625018,-0.003199181149245154,-0.8061936496097788,0.5060335064976396,0.5460856163516921,0.0400521098540525
2019-2020,benchmark_return_tail,bottom_decile,6,51,-0.02803346709899163,-0.026866544478499732,0.0011669226204918978,0.29406450036395826,0.5511881094560683,0.5223859851954965,-0.028802124260571826
2019-2020,benchmark_return_tail,bottom_decile,7,51,-0.0267295301299549,-0.02683231005857034,-0.00010277992861544126,-0.025900542011091196,0.5324026069711983,0.5269175426679452,-0.005485064303253129
2019-2020,benchmark_return_tail,bottom_decile,8,51,-0.02254554716344442,-0.020524657120762797,0.002020890042681623,0.509264290755769,0.450759745735882,0.43775261564246587,-0.013007130093416142
2019-2020,benchmark_return_tail,bottom_decile,9,51,-0.025527578187876793,-0.025612772089888828,-8.519390201202762e-05,-0.02146886330703096,0.5147419300983257,0.500257065756436,-0.01448486434188967
2019-2020,benchmark_return_tail,middle_80pct,0,403,0.0008620189620043417,0.0008899255414913936,2.790657948705189e-05,0.007032458030737076,0.07054740061487899,0.06548876889626683,-0.005058631718612164
2019-2020,benchmark_return_tail,middle_80pct,1,403,0.001427127969630388,0.0016581563948766483,0.00023102842524626028,0.058219163162057594,0.062278754937116036,0.07287604245201694,0.010597287514900904
2019-2020,benchmark_return_tail,middle_80pct,2,403,0.0018897749894730453,0.001926221934951332,3.64469454782869e-05,0.0091846302605283,0.13849918319932783,0.16477460312414755,0.026275419924819715
2019-2020,benchmark_return_tail,middle_80pct,3,403,0.0013156130805132551,0.0016973714529287384,0.0003817583724154837,0.0962031098487019,0.06688732419007952,0.07431529333105318,0.007427969140973656
2019-2020,benchmark_return_tail,middle_80pct,4,403,0.0015946836910625377,0.0018243053017621405,0.00022962161069960292,0.057864645896299936,0.09473503902852042,0.14736222122938109,0.05262718220086067
2019-2020,benchmark_return_tail,middle_80pct,5,403,0.0006714681229378815,0.0014563147179279634,0.0007848465949900817,0.19778134193750058,0.11567877519747015,0.08131541408160436,-0.034363361115865784
2019-2020,benchmark_return_tail,middle_80pct,6,403,0.0014500333628450009,0.0016042921327498612,0.00015425876990486032,0.038873210016024805,0.08161246508647198,0.07469765778807065,-0.0069148072984013265
2019-2020,benchmark_return_tail,middle_80pct,7,403,0.0014402545378952186,0.00168440697864405,0.00024415244074883167,0.06152641506870558,0.06878280076784857,0.06064916037157141,-0.008133640396277154
2019-2020,benchmark_return_tail,middle_80pct,8,403,0.001586604518139955,0.0013020562963429409,-0.0002845482217970142,-0.07170615189284758,0.07181497179237444,0.06777130404953438,-0.004043667742840054
2019-2020,benchmark_return_tail,middle_80pct,9,403,0.00188259517361922,0.0014934863344447402,-0.0003891088391744804,-0.09805542747196906,0.15292244975326127,0.07570496979056196,-0.07721747996269931
2019-2020,benchmark_return_tail,top_decile,0,51,0.022932632016510256,0.02269061730010481,-0.0002420147164054489,-0.060987708534173124,0.014372025106411085,0.0,-0.014372025106411085
2019-2020,benchmark_return_tail,top_decile,1,51,0.022944900057427123,0.026236079234041084,0.003291179176613968,0.8293771525067198,0.01878056726207553,0.010302198188382667,-0.008478369073692862
2019-2020,benchmark_return_tail,top_decile,2,51,0.021774170952612953,0.021449359730390142,-0.00032481122222281355,-0.08185242800014901,0.039903498405508164,0.059162105870150805,0.01925860746464264
2019-2020,benchmark_return_tail,top_decile,3,51,0.02264939923909865,0.02653841486532896,0.0038890156262303055,0.980031937810037,0.0,0.007914685738908765,0.007914685738908765
2019-2020,benchmark_return_tail,top_decile,4,51,0.02347437784736283,0.021242407312238865,-0.0022319705351239623,-0.5624565748512385,0.0,0.0261887349912225,0.0261887349912225
2019-2020,benchmark_return_tail,top_decile,5,51,0.022577180527709118,0.02401622840771356,0.0014390478800044453,0.36264006576112023,0.04857782383763743,0.040677294432796544,-0.007900529404840886
2019-2020,benchmark_return_tail,top_decile,6,51,0.024215146698837793,0.02271255962225655,-0.001502587076581245,-0.37865194329847374,0.0,0.0,0.0
2019-2020,benchmark_return_tail,top_decile,7,51,0.024146957036311093,0.024479791264973804,0.0003328342286627034,0.08387422562300126,0.00044916683070437907,0.0,-0.00044916683070437907
2019-2020,benchmark_return_tail,top_decile,8,51,0.021795082165805845,0.01970493179545342,-0.0020901503703524204,-0.5267178933288099,0.017592535207914217,0.03660830215576412,0.019015766947849903
2019-2020,benchmark_return_tail,top_decile,9,51,0.022383831462430535,0.02426941250292057,0.0018855810404900368,0.47516642220348926,0.047004708992872415,0.0,-0.047004708992872415
2021-2022,benchmark_direction,negative,0,245,-0.009239093772645866,-0.009579394101683123,-0.00034030032903725543,-0.08575568291738837,0.26942434828413725,0.2463793798898191,-0.02304496839431816
2021-2022,benchmark_direction,negative,1,245,-0.007591288612811641,-0.010164482632815166,-0.002573194020003526,-0.6484448930408886,0.18209278088991915,0.23654808873917896,0.05445530784925981
2021-2022,benchmark_direction,negative,2,245,-0.007176204064869255,-0.007345554637671,-0.00016935057280174427,-0.042676344346039556,0.19318810312874304,0.18016476963534006,-0.013023333493402983
2021-2022,benchmark_direction,negative,3,245,-0.006539613607948003,-0.00795491530215412,-0.001415301694206118,-0.35665602693994175,0.17939238097766297,0.2068021600523973,0.027409779074734325
2021-2022,benchmark_direction,negative,4,245,-0.008827078916772643,-0.008911185961202737,-8.410704443009181e-05,-0.021194975196383137,0.21094023506989304,0.2136025855826356,0.0026623505127425506
2021-2022,benchmark_direction,negative,5,245,-0.011518943260468751,-0.013624344354959905,-0.002105401094491156,-0.5305610758117714,0.26138155731293156,0.3122707887487415,0.05088923143580992
2021-2022,benchmark_direction,negative,6,245,-0.010173022794117852,-0.008899213477843488,0.0012738093162743616,0.32099994770113915,0.26074794538283763,0.20574852894338497,-0.054999416439452664
2021-2022,benchmark_direction,negative,7,245,-0.00971194247037236,-0.008172315867471774,0.001539626602900586,0.3879859039309477,0.25017878175121144,0.2205202938064303,-0.029658487944781153
2021-2022,benchmark_direction,negative,8,245,-0.01386406098398872,-0.010349431855732002,0.003514629128256717,0.8856865403206926,0.40894158531731356,0.24092932507754936,-0.1680122602397642
2021-2022,benchmark_direction,negative,9,245,-0.011363237413361114,-0.01185507036037877,-0.0004918329470176543,-0.12394190264844888,0.3679037277345515,0.37704264861902836,0.009138920884476875
2021-2022,benchmark_direction,nonnegative,0,258,0.008571480963444742,0.009279499591853728,0.000708018628408987,0.1784206943590647,0.0495966425221535,0.03381994098040384,-0.015776701541749656
2021-2022,benchmark_direction,nonnegative,1,258,0.007986058105200599,0.00989598509859299,0.0019099269933923887,0.48130160233488195,0.010618936284307516,0.014397482166839271,0.0037785458825317555
2021-2022,benchmark_direction,nonnegative,2,258,0.007824448947156318,0.007614070203405949,-0.00021037874375037018,-0.05301544342509328,0.031475772294122795,0.023475622035708164,-0.008000150258414631
2021-2022,benchmark_direction,nonnegative,3,258,0.007012780554997709,0.008413888954613431,0.0014011083996157245,0.35307931670316256,0.02460151780979395,0.018945871809795022,-0.005655645999998928
2021-2022,benchmark_direction,nonnegative,4,258,0.0077443250843024026,0.008510716878213889,0.0007663917939114847,0.19313073206569414,0.03373908173902027,0.02539319632493474,-0.008345885414085534
2021-2022,benchmark_direction,nonnegative,5,258,0.011106537214047725,0.012805241009830591,0.0016987037957828656,0.4280733565372821,0.016627511610281746,0.021568451113114433,0.004940939502832687
2021-2022,benchmark_direction,nonnegative,6,258,0.008770376619737607,0.008635192076209032,-0.00013518454352857322,-0.03406650496920045,0.030688814904554787,0.01379757173934683,-0.01689124316520796
2021-2022,benchmark_direction,nonnegative,7,258,0.009368390561014388,0.008731521763409229,-0.0006368687976051597,-0.16049093699650024,0.03761882982971442,0.04232715403104746,0.00470832420133304
2021-2022,benchmark_direction,nonnegative,8,258,0.01216933384695138,0.010076177666201606,-0.002093156180749774,-0.5274753575489431,0.07806751824981911,0.01694980015965532,-0.061117718090163795
2021-2022,benchmark_direction,nonnegative,9,258,0.009986332236665837,0.010522442460541312,0.0005361102238754741,0.13509977641661947,0.08593731137018217,0.08461771185158115,-0.001319599518601014
2021-2022,benchmark_volatility,low,0,242,-8.190932741650715e-05,0.0003296914694384582,0.0004116007968549656,0.10372340080745134,0.14349159351557358,0.11106450606782356,-0.032427087447750025
2021-2022,benchmark_volatility,low,1,242,0.00040226090841268713,0.00026199302721180965,-0.00014026788120087729,-0.035347506062621076,0.08836343723835582,0.10966474007852094,0.021301302840165112
2021-2022,benchmark_volatility,low,2,242,0.0007279972032736382,0.00034496294231798794,-0.00038303426095565046,-0.09652463376082392,0.09063803059015627,0.09694412594411791,0.006306095353961649
2021-2022,benchmark_volatility,low,3,242,0.00048613005644366277,0.0006911078940276577,0.00020497783758399493,0.05165441507116672,0.08431437969857708,0.0959072828290161,0.011592903130439022
2021-2022,benchmark_volatility,low,4,242,-0.0004085640504499053,-1.3052903436578328e-05,0.00039551114701332694,0.09966880904735839,0.11104242033976885,0.1030614738303065,-0.00798094650946235
2021-2022,benchmark_volatility,low,5,242,0.00022016564586527145,0.0003850045493213383,0.0001648389034560666,0.04153940367092878,0.12439505855187882,0.1475809484780147,0.023185889926135878
2021-2022,benchmark_volatility,low,6,242,-0.0002167874023209548,0.0002457490845590586,0.00046253648688001313,0.11655919469376332,0.11494233860247019,0.09647466407013995,-0.01846767453233024
2021-2022,benchmark_volatility,low,7,242,9.00401600641271e-05,0.000870504865749851,0.000780464705685724,0.19667710583280243,0.13405147939525822,0.1124605120991816,-0.02159096729607661
2021-2022,benchmark_volatility,low,8,242,-0.000871616499115191,0.00024562553071591324,0.0011172420298311038,0.28154499151743817,0.22091938042095394,0.11463844842167227,-0.10628093199928167
2021-2022,benchmark_volatility,low,9,242,-0.0008920697239774439,-0.0008944386817486478,-2.368957771204427e-06,-0.0005969773583435156,0.21435661015872337,0.21373778727904572,-0.0006188228796776551
2021-2022,benchmark_volatility,high,0,242,-0.00011203408204077903,-8.700885399441321e-05,2.5025228046365454e-05,0.006306357467684095,0.23540681848843478,0.2241018534041494,-0.011304965084285384
2021-2022,benchmark_volatility,high,1,242,0.0004464241996044119,2.5441565149462597e-05,-0.00042098263445494916,-0.10608762388264718,0.16070324737837227,0.21159996444790027,0.050896717069528
2021-2022,benchmark_volatility,high,2,242,0.00039462612779925287,0.00033531587681771065,-5.931025098154214e-05,-0.014946183247348619,0.17438449805000775,0.15441804940184814,-0.019966448648159607
2021-2022,benchmark_volatility,high,3,242,0.0003860021339306139,0.00025234632279912285,-0.0001336558111314909,-0.033681264405135705,0.16150397998212174,0.18547121527520477,0.023967235293083033
2021-2022,benchmark_volatility,high,4,242,-0.0002593877518747186,7.966193054541802e-05,0.00033904968242013663,0.08544051996987444,0.18385044347573834,0.19002329878579982,0.006172855310061481
2021-2022,benchmark_volatility,high,5,242,-2.5578736333019797e-05,-0.0005097768946996956,-0.00048419815836667603,-0.12201793590840236,0.23216565432789682,0.2780443060028652,0.04587865167496841
2021-2022,benchmark_volatility,high,6,242,-0.000730361367312902,-3.135432643290208e-05,0.0006990070408799999,0.17614977430175996,0.23790467618098673,0.18337349364041508,-0.054531182540571654
2021-2022,benchmark_volatility,high,7,242,7.298767118798538e-05,0.00017584093322533056,0.00010285326203734524,0.025919022033411003,0.21579517627235373,0.19591776697622765,-0.01987740929612608
2021-2022,benchmark_volatility,high,8,242,-0.00022123363504147667,2.8444697264911446e-05,0.00024967833230638817,0.06291893974120982,0.3542643126307384,0.21389350570848695,-0.14037080692225143
2021-2022,benchmark_volatility,high,9,242,1.643000019330521e-05,6.807724535341775e-05,5.1647245160113085e-05,0.013015105780348497,0.31158543382795933,0.31880433945177544,0.0072189056238161076
2021-2022,benchmark_drawdown,at_or_above_prior_peak,0,61,0.00454596628181837,0.006243083757298279,0.0016971174754799082,0.4276736038209369,0.03767520166136757,0.015397346587078255,-0.022277855074289317
2021-2022,benchmark_drawdown,at_or_above_prior_peak,1,61,0.005144826568940598,0.007205037874818087,0.002060211305877489,0.5191732490811272,0.008533983977538757,0.008104214226942415,-0.000429769750596342
2021-2022,benchmark_drawdown,at_or_above_prior_peak,2,61,0.005562013942844375,0.005093151543570832,-0.000468862399273544,-0.11815332461693308,0.028689633117282665,0.017502574229671157,-0.011187058887611508
2021-2022,benchmark_drawdown,at_or_above_prior_peak,3,61,0.004287476125897139,0.005554363384215355,0.001266887258318216,0.3192555890961904,0.017818544197952473,0.011653288278395122,-0.00616525591955735
2021-2022,benchmark_drawdown,at_or_above_prior_peak,4,61,0.0041056844099475395,0.005211592483401332,0.0011059080734537917,0.27868883451035553,0.026926430777156937,0.0181844354468743,-0.008741995330282637
2021-2022,benchmark_drawdown,at_or_above_prior_peak,5,61,0.007869951225045926,0.009864451542102795,0.0019945003170568684,0.5026140798983308,0.013966739892010525,0.01006518772652705,-0.003901552165483475
2021-2022,benchmark_drawdown,at_or_above_prior_peak,6,61,0.005320686089621388,0.006200235643583548,0.0008795495539621592,0.22164648759846411,0.03338103342351536,0.006828122944890743,-0.026552910478624618
2021-2022,benchmark_drawdown,at_or_above_prior_peak,7,61,0.00554120215088326,0.006380305235788543,0.0008391030849052833,0.2114539773961314,0.031378981863929775,0.027678593417866274,-0.003700388446063501
2021-2022,benchmark_drawdown,at_or_above_prior_peak,8,61,0.00583049930559236,0.006835317187204646,0.0010048178816122852,0.25321410616629586,0.06993990584906591,0.012977816713446463,-0.05696208913561945
2021-2022,benchmark_drawdown,at_or_above_prior_peak,9,61,0.004634700036342419,0.005423688273263159,0.0007889882369207398,0.19882503570402643,0.08239714738248968,0.07824711355811965,-0.004150033824370028
2021-2022,benchmark_drawdown,below_prior_peak,0,442,-0.0007453389794579523,-0.0007549067181205839,-9.567738662632047e-06,-0.002411070142983276,0.20365702441173508,0.1851550734956053,-0.018501950916129772
2021-2022,benchmark_drawdown,below_prior_peak,1,442,-0.0002563283703675883,-0.0008521298641778924,-0.0005958014938103044,-0.1501419764401967,0.13577585246173068,0.17643047146584895,0.040654619004118264
2021-2022,benchmark_drawdown,below_prior_peak,2,442,-0.00017815614941209073,-0.0003301199500191874,-0.00015196380060709656,-0.038294877752988336,0.14543740111330128,0.13517240234389866,-0.010264998769402622
2021-2022,benchmark_drawdown,below_prior_peak,3,442,-0.00012317645800356938,-0.00026467661804215124,-0.0001415001600385819,-0.03565804032972264,0.13471338329171426,0.15458506729781946,0.0198716840061052
2021-2022,benchmark_drawdown,below_prior_peak,4,442,-0.0009390163164390903,-0.0006909111932193858,0.0002481051232197042,0.06252249105136547,0.15883432701748698,0.16006628183145294,0.0012319548139659575
2021-2022,benchmark_drawdown,below_prior_peak,5,442,-0.0009880577428016566,-0.001438786720581799,-0.0004507289777801421,-0.1135837024005958,0.19494696519096003,0.23304271774623328,0.038095752555273255
2021-2022,benchmark_drawdown,below_prior_peak,6,442,-0.0012538354482657822,-0.0007480590965346625,0.0005057763517311197,0.12745564063624215,0.19514722757551822,0.15352365225312162,-0.041623575322396605
2021-2022,benchmark_drawdown,below_prior_peak,7,442,-0.0006796255015913913,-0.0003137633302129068,0.00036586217137848416,0.092197267187378,0.18810474737314412,0.16701837839172665,-0.02108636898141747
2021-2022,benchmark_drawdown,below_prior_peak,8,442,-0.0013861250366627028,-0.0007984418895787557,0.0005876831470839469,0.1480961530651546,0.3091593571417784,0.1797770657664352,-0.12938229137534318
2021-2022,benchmark_drawdown,below_prior_peak,9,442,-0.0011091315643225687,-0.0011777082989642385,-6.857673464167001e-05,-0.01728133712970084,0.27999985017531936,0.28659068362772433,0.006590833452404965
2021-2022,benchmark_return_tail,bottom_decile,0,51,-0.026244030872966152,-0.025123277246463096,0.0011207536265030527,0.2824299138787693,0.5202369887379164,0.46399646749038415,-0.056240521247532205
2021-2022,benchmark_return_tail,bottom_decile,1,51,-0.019466713762232468,-0.0251702412906668,-0.005703527528434333,-1.4372889371654518,0.3386134333109775,0.43597528010068654,0.09736184678970905
2021-2022,benchmark_return_tail,bottom_decile,2,51,-0.018795332446650336,-0.01824413704593951,0.000551195400710829,0.1389012409791289,0.3654551622563202,0.320778966279684,-0.04467619597663619
2021-2022,benchmark_return_tail,bottom_decile,3,51,-0.018026264170370947,-0.0219785372641223,-0.003952273093751359,-0.9959728196253426,0.336225605161515,0.39958256666787845,0.06335696150636344
2021-2022,benchmark_return_tail,bottom_decile,4,51,-0.022400669143875496,-0.02288945535406472,-0.0004887862101892236,-0.12317412496768435,0.39739235352705854,0.40962292454238036,0.012230571015321823
2021-2022,benchmark_return_tail,bottom_decile,5,51,-0.027956382819244424,-0.03329302825099657,-0.00533664543175215,-1.3448346488015417,0.4789034032874103,0.5686940141193002,0.08979061083188988
2021-2022,benchmark_return_tail,bottom_decile,6,51,-0.02619724267043641,-0.022197190959321367,0.004000051711115044,1.008013031200991,0.4812554902613774,0.38422911863711356,-0.09702637162426386
2021-2022,benchmark_return_tail,bottom_decile,7,51,-0.02688010653116401,-0.022057853185830485,0.004822253345333528,1.215207843024049,0.4876422812213732,0.3958355671035515,-0.09180671411782171
2021-2022,benchmark_return_tail,bottom_decile,8,51,-0.03913019408173632,-0.026185044854547396,0.012945149227188929,3.26217760525161,0.7972824101620296,0.4469081071912612,-0.35037430297076844
2021-2022,benchmark_return_tail,bottom_decile,9,51,-0.03293554443479367,-0.034167761687992515,-0.0012322172531988346,-0.31051874780610633,0.7284629648808015,0.7449019683697456,0.016439003488944115
2021-2022,benchmark_return_tail,middle_80pct,0,401,0.0005734420918090419,0.0006047493199046323,3.1307228095590284e-05,0.007889421480088752,0.10726229408550092,0.10218747513389029,-0.005074818951610632
2021-2022,benchmark_return_tail,middle_80pct,1,401,0.0004454841059001738,0.00024373879937402652,-0.00020174530652614724,-0.0508398172445891,0.07581867292913663,0.10072874200010512,0.024910069070968488
2021-2022,benchmark_return_tail,middle_80pct,2,401,0.0008458473442541308,0.0004934932558617909,-0.0003523540883923396,-0.08879323027486957,0.08033561427610166,0.0842580641914868,0.003922449915385151
2021-2022,benchmark_return_tail,middle_80pct,3,401,0.000760738990974016,0.0009205792305293041,0.00015984023955528787,0.04027974036793254,0.07532503909916789,0.07780623929027396,0.0024812001911060644
2021-2022,benchmark_return_tail,middle_80pct,4,401,-0.00025518881283319035,0.00027189773601142537,0.0005270865488446157,0.13282581030884313,0.0885065896146131,0.0833735395131538,-0.005133050101459299
2021-2022,benchmark_return_tail,middle_80pct,5,401,0.00011151433676464028,0.0002063131188125019,9.479878204786165e-05,0.023889293076061136,0.11291906054907459,0.13691160925241308,0.023992548703338487
2021-2022,benchmark_return_tail,middle_80pct,6,401,0.0001147705516801463,0.0003095899474411762,0.00019481939576103006,0.049094487731779574,0.11227134100398983,0.08491356084698277,-0.02735778015700706
2021-2022,benchmark_return_tail,middle_80pct,7,401,0.0006008146413317154,0.0008474604321803546,0.00024664579084863943,0.062154739293857134,0.09437712012229313,0.10457619119446736,0.010199071072174229
2021-2022,benchmark_return_tail,middle_80pct,8,401,0.0003470662104021312,0.0003139384356671686,-3.312777473496284e-05,-0.008348199233210635,0.15884003293561094,0.10123369730392445,-0.05760633563168649
2021-2022,benchmark_return_tail,middle_80pct,9,401,0.00035721094964726664,0.00034774790521843334,-9.46304442883357e-06,-0.0023846871960660596,0.14097497683060786,0.14441258753830072,0.0034376107076928564
2021-2022,benchmark_return_tail,top_decile,0,51,0.020712929607379485,0.021292980432818777,0.0005800508254392863,0.14617280801070015,0.007001369715540245,0.0,-0.007001369715540245
2021-2022,benchmark_return_tail,top_decile,1,51,0.019896089341388014,0.024486450150437204,0.0045903608090491835,1.1567709238803943,0.0,0.0,0.0
2021-2022,benchmark_return_tail,top_decile,2,51,0.017253235337384775,0.017594694509640716,0.00034145917225594124,0.0860477114084972,0.0,0.0,0.0
2021-2022,benchmark_return_tail,top_decile,3,51,0.016105395814715408,0.019089847652754753,0.0029844518380393484,0.7520818631859157,0.0,0.0,0.0
2021-2022,benchmark_return_tail,top_decile,4,51,0.021179732890676116,0.020997169117671216,-0.00018256377300489982,-0.046006070797234754,0.0,0.0,0.0
2021-2022,benchmark_return_tail,top_decile,5,51,0.027929485826437533,0.031000013602512304,0.003070527776074769,0.7737729995708418,0.0,0.0,0.0
2021-2022,benchmark_return_tail,top_decile,6,51,0.020792215064744067,0.02069575340375988,-9.646166098418795e-05,-0.024308338568015363,0.025787562206509743,0.0,-0.025787562206509743
2021-2022,benchmark_return_tail,top_decile,7,51,0.022893678851290802,0.0203065511098437,-0.0025871277414470976,-0.6519561908446686,0.002240525722070334,0.0,-0.002240525722070334
2021-2022,benchmark_return_tail,top_decile,8,51,0.03136195174967681,0.024972372707942277,-0.006389579041734534,-1.6101739185171025,0.012997510785273829,0.0,-0.012997510785273829
2021-2022,benchmark_return_tail,top_decile,9,51,0.02605787698337717,0.027713859855331088,0.0016559828719539178,0.4173076837323873,0.025776249407794084,0.017221301370959143,-0.008554948036834941
