total_return,annual_return,annual_volatility,sharpe,sortino,max_drawdown,calmar,total_cost,trade_count,gross_traded_notional,cumulative_turnover,average_daily_turnover,annualized_turnover,condition,seed,state_features_per_asset,ppo_timesteps,condition_elapsed_seconds,train_approx_kl,train_clip_fraction,train_entropy_loss,train_explained_variance,train_learning_rate,train_loss,train_policy_gradient_loss,train_value_loss,vix_train_75pct_threshold,high_vix_mean_daily_return,high_vix_daily_volatility,low_vix_mean_daily_return,monthly_positive_frequency,monthly_outperformance_frequency
0.42621800647113073,0.19594085237589032,0.17521378710062055,1.1072452156280035,1.297831699555311,-0.22460144486409517,0.8723935524744857,1021.8654785420898,3212,1021865.4785420895,1.0038438938285663,0.0020076877876571324,0.5059373224895973,Base FinRL,0,10,20000,49.79290870000841,0.006660458631813526,0.03125,-21.370197296142578,0.9263800382614136,0.0003,0.0034792404621839523,-0.011810268469465276,0.06538872700184584,16.262500286102295,-0.0016731399506201752,0.018858267813864467,0.00144916308846298,0.7391304347826086,0.5217391304347826
0.17275024801057803,0.08362642948030152,0.2320823760036073,0.4616127258755561,0.5965423326271623,-0.3470831192817394,0.24094064169228308,1139.680967626811,3180,1139680.96762681,1.1060304127388367,0.0022120608254776733,0.5574393280203737,Base FinRL,1,10,20000,49.88078469998436,0.0036745299585163593,0.009765625,-21.25429614384969,0.7476926445960999,0.0003,0.018521733582019806,-0.00925644370727241,0.07962754958619674,16.262500286102295,-0.00338974470890967,0.023028874929330003,0.001485895782210641,0.6521739130434783,0.43478260869565216
0.054336135690863374,0.02702605645559486,0.11903906813184162,0.2831044085632591,0.33691937125462496,-0.15322015096769603,0.17638708932804056,1097.2726791536813,2314,1097272.6791536808,1.0685392086316927,0.0021370784172633855,0.5385437611503732,Base FinRL,2,10,20000,51.10477710000123,0.005127088166773319,0.017578125,-21.160826683044434,0.8335660696029663,0.0003,0.036309607326984406,-0.011746527083838979,0.10148478485643864,16.262500286102295,-0.0008537123326134463,0.01240693880490387,0.00040830208664256143,0.6956521739130435,0.391304347826087
0.0871039443274344,0.0429911420026039,0.11261157004734407,0.4294461699722054,0.49999283881555245,-0.1321595155936316,0.3252973636404243,1031.0475002918254,3833,1031047.5002918243,1.0111940751209598,0.0020223881502419196,0.5096418138609637,Base FinRL,3,10,20000,51.864197899994906,0.005015753675252199,0.016927083333333332,-21.212032477060955,0.9045767784118652,0.0003,-0.013634124770760536,-0.010749207266295949,0.034762103110551834,16.262500286102295,-0.0013743598362552275,0.012112818000142883,0.0006274252947380577,0.6521739130434783,0.391304347826087
0.22224921626049143,0.10644166823056533,0.14332647514376373,0.7762648441006327,0.8535336978452643,-0.21329857871032343,0.49902661740246124,1039.6769346609105,3471,1039676.9346609116,1.0145790860789539,0.002029158172157908,0.5113478593837928,Base FinRL,4,10,20000,52.36219839999103,0.003188714850693941,0.006510416666666667,-21.237620035807293,0.944258987903595,0.0003,-0.008933315053582191,-0.007850416625539461,0.041002100333571434,16.262500286102295,-0.0020850567056927057,0.015983692229039292,0.001144044064193935,0.6956521739130435,0.30434782608695654
0.24180191894479375,0.11532740274773845,0.1468485755837612,0.8154747600159856,0.9057688025346158,-0.2172547111913562,0.5308395942961117,1009.5836029477119,3335,1009583.602947712,0.9840925969777085,0.0019681851939554167,0.495982668876765,Base FinRL,5,10,20000,50.58280420000665,0.009206227958202362,0.040364583333333336,-21.279180367787678,0.9435340166091919,0.0003,-0.002269778400659561,-0.017176375879595678,0.08954790545006593,16.262500286102295,-0.0020909846752925703,0.016572484221933803,0.001188761052744348,0.6521739130434783,0.30434782608695654
0.11240149823665235,0.05515394938997642,0.1405933065664703,0.4513848461271706,0.5091041872956288,-0.19478928646176719,0.28314672943166164,1061.6775474596016,3215,1061677.5474596024,1.0246352739762479,0.0020492705479524956,0.5164161780840288,Base FinRL,6,10,20000,157.3272699000081,0.0033177509903907776,0.006510416666666667,-21.190982659657795,0.9153429269790649,0.0003,-0.0033653154969215393,-0.01006494800094515,0.05150620204706987,16.262500286102295,-0.0018214631045272525,0.016177238944061596,0.0008283350974724018,0.6956521739130435,0.34782608695652173
0.1446644113528297,0.07046828019447271,0.1396226460178793,0.556565327557745,0.6263460737226374,-0.18866127080234585,0.37351746807801367,1428.978413148879,2827,1428978.41314888,1.2762191822833229,0.0025524383645666457,0.6432144678707947,Base FinRL,7,10,20000,479.6182901999855,0.0030625183135271072,0.008463541666666666,-21.27849308649699,0.9362543225288391,0.0003,0.01495441421866417,-0.007892258930951357,0.07949833137293656,16.262500286102295,-0.0014333051111518587,0.016384851389819356,0.0007926617243130943,0.8260869565217391,0.30434782608695654
0.6201585722647678,0.27531360159027574,0.28620153341106697,0.99132674057781,1.2885849840446306,-0.3440852488275479,0.8001319513939994,1017.2348956096172,4214,1017234.8956096172,0.9989518035934914,0.001997903607186983,0.5034717090111197,Base FinRL,8,10,20000,477.8924637000018,0.009207302704453468,0.044921875,-21.26959212621053,0.8706840872764587,0.0003,0.007681144401431084,-0.012619004468433559,0.09306072785208623,16.262500286102295,-0.002692315831659643,0.028727749806478374,0.0021875593935219663,0.6521739130434783,0.6521739130434783
0.20943930165180813,0.10058192212276351,0.16847235464474564,0.6521523462822427,0.8240658232324264,-0.13469220058885822,0.7467538705510145,998.9997571978561,1519,998999.7571978569,0.9882431789506212,0.0019764863579012425,0.4980745621911131,Base FinRL,9,10,20000,422.56104809997487,0.008763004094362259,0.046875,-21.200754324595135,0.9517831206321716,0.0003,0.02724919468164444,-0.014554703297714392,0.08968407101929188,16.262500286102295,-0.0010743194348401012,0.016849713281444554,0.0008559493092017497,0.6086956521739131,0.43478260869565216
0.26415620848560284,0.12540171830904412,0.1551419817030306,0.8378834101909884,0.9406659730205912,-0.2103777142677311,0.5960789085742003,1024.7087967395769,3528,1024708.7967395782,1.0065575865617538,0.0020131151731235075,0.5073050236271239,ANN signal,0,11,20000,613.0307503000076,0.004465875681489706,0.013020833333333334,-21.266679128011067,0.951601505279541,0.0003,0.0020307712256908417,-0.010788693364399174,0.05253384013970693,16.262500286102295,-0.001985940221451323,0.017011861904543898,0.0012114840788192385,0.782608695652174,0.43478260869565216
0.036578594156793764,0.018271355588261873,0.12275748345031703,0.20862663461848882,0.2275431653297597,-0.1880896649410183,0.097141730748425,964.133237310648,3182,964133.237310648,0.9014361520230056,0.0018028723040460113,0.45432382061959486,ANN signal,1,11,20000,99.16547479998553,0.010900028049945831,0.068359375,-21.217956860860188,0.9667707681655884,0.0003,-0.014423128217458725,-0.0121703848708421,0.032505168889959656,16.262500286102295,-0.0014392645606595964,0.01440948370336506,0.0005300916115573525,0.6956521739130435,0.30434782608695654
0.21424329366412187,0.10278304320174647,0.13350814628442564,0.7983766195150366,0.9201304209054803,-0.1978401766242056,0.5195256340524872,1451.5715733523377,4791,1451571.5733523369,1.353341497123898,0.002706682994247796,0.6820841145504446,ANN signal,2,11,20000,91.14174280001316,0.01167304813861847,0.07291666666666667,-21.24542506535848,0.9464156627655029,0.0003,0.007549107074737549,-0.013821342960000038,0.052332564567526184,16.262500286102295,-0.0021543269737557716,0.014285432143354853,0.0011396231611573856,0.7391304347826086,0.391304347826087
0.06650700654297315,0.03298427730275244,0.1433487530312198,0.2977381660373508,0.3322116872636174,-0.2462795657642468,0.13393022356685053,1057.69195265293,3114,1057691.9526529312,1.0094941914765503,0.0020189883829531004,0.5087850725041813,ANN signal,3,11,20000,364.81196219997946,0.0050841583870351315,0.013020833333333334,-21.226105848948162,0.8866307139396667,0.0003,-0.020821359008550644,-0.015893311239778996,0.052464528319736324,16.262500286102295,-0.0026976822681055363,0.01600491842115688,0.0009665817779274213,0.6086956521739131,0.34782608695652173
0.30660202646073675,0.1442903540706062,0.1742899736942932,0.8591531185505128,1.029783242342073,-0.2287637295011531,0.6307396473437844,1518.9838043766044,4736,1518983.8043766022,1.3643022212083558,0.0027286044424167117,0.6876083194890114,ANN signal,4,11,20000,118.11148120000144,0.005970176309347153,0.022786458333333332,-21.263361930847168,0.8898088335990906,0.0003,-0.013872811570763588,-0.01449140370823443,0.0556625301639239,16.262500286102295,-0.0021378862061537172,0.01910779289738524,0.0013539043499031346,0.6956521739130435,0.4782608695652174
0.056511887989874277,0.028093685222541964,0.18573892972887487,0.2418774531136734,0.2715935042667568,-0.29532157787894997,0.09512913151932754,1184.4064234538077,3510,1184406.4234538078,1.0706021821824934,0.002141204364364987,0.5395834998199767,ANN signal,5,11,20000,87.68643959998735,0.004373754840344191,0.011067708333333334,-21.224345207214355,0.8371965289115906,0.0003,0.018661051988601685,-0.012234812757621208,0.11325405972699325,16.262500286102295,-0.0023554510260753673,0.020407151745017883,0.0008828098120843961,0.7391304347826086,0.30434782608695654
0.20800678981889464,0.09992472647408412,0.1435985838431126,0.7342122119923205,0.7795400521476012,-0.20084747292639626,0.49751547788058614,1019.3079680089941,3559,1019307.968008995,0.991814052194953,0.001983628104389906,0.4998742823062563,ANN signal,6,11,20000,85.20731329999398,0.00473135057836771,0.016276041666666668,-21.263023535410564,0.9437253475189209,0.0003,-0.010619837790727615,-0.011708286978925267,0.05194475315511227,16.262500286102295,-0.0014866181259614978,0.014997182408043284,0.000948086486262968,0.6956521739130435,0.391304347826087
0.23390378388207678,0.11174650595089464,0.14811222904560614,0.7880700971439416,0.9232523419914034,-0.17171340394219248,0.6507733431719415,1105.5167406251448,4541,1105516.740625143,1.0756004037417424,0.002151200807483485,0.5421026034858382,ANN signal,7,11,20000,85.96653939998941,0.0055421944707632065,0.024088541666666668,-21.172787030537922,0.8388261198997498,0.0003,-0.018940558657050133,-0.012761586112901568,0.05660370333741108,16.262500286102295,-0.0015287391856334787,0.01625502363845437,0.0010170628860524057,0.6521739130434783,0.4782608695652174
0.2286201693796266,0.10934464381847642,0.1594650118923974,0.7293678497480077,0.8673647689935565,-0.23990771983872805,0.4557779294971442,1014.8149219408028,4199,1014814.9219408035,0.9930298285580231,0.001986059657116046,0.5004870335932436,ANN signal,8,11,20000,92.84116589999758,0.005872457288205624,0.020833333333333332,-21.298791885375977,0.8827515244483948,0.0003,0.026431269943714142,-0.011270971270278096,0.07715727264682452,16.262500286102295,-0.0023834592968392868,0.01740899287667671,0.001252626893377619,0.6521739130434783,0.30434782608695654
0.3498023830826136,0.16320477426531443,0.2265365471213104,0.7793315832495733,0.981435673427006,-0.32521882573455496,0.5018306486307865,1450.5370357189167,3906,1450537.0357189178,1.2873103989004548,0.0025746207978009097,0.6488044410458292,ANN signal,9,11,20000,92.3748683000158,0.006171233020722866,0.024088541666666668,-21.249975363413494,0.7818621397018433,0.0003,-0.0035969801247119904,-0.014379264942059914,0.0858560549095273,16.262500286102295,-0.0028544793950566485,0.02346646679859093,0.0016891088645460718,0.782608695652174,0.5217391304347826
0.2657719974894428,0.1261264619588056,0.15188624931179326,0.8568485885362377,0.9159276009267511,-0.22639514266395866,0.5571076325874041,1296.8135364160555,3608,1296813.5364160538,1.2424550803711143,0.0024849101607422285,0.6261973605070416,QINN-MPS signal,0,11,20000,171.28944680001587,0.003997069783508778,0.010416666666666666,-21.25693686803182,0.9123975038528442,0.0003,-0.0018810667097568512,-0.01087345601990819,0.057822411259015404,16.262500286102295,-0.0019892350769173603,0.01709345054277761,0.0012131743175164348,0.7391304347826086,0.30434782608695654
0.12356744167990419,0.06047874763719063,0.14050176332440417,0.4873712729167784,0.5677854703978538,-0.15275765672006958,0.3959130359535348,1095.8100901165037,2921,1095810.0901165009,1.0570601534347368,0.0021141203068694736,0.5327583173311073,QINN-MPS signal,1,11,20000,83.4568372000067,0.004823135212063789,0.015625,-21.22672239939372,0.9770594835281372,0.0003,-0.015435953624546528,-0.011298577495229742,0.0294975604241093,16.262500286102295,-0.001376739855180352,0.01587713821532605,0.0007301084030264595,0.7391304347826086,0.30434782608695654
0.23417489576952466,0.11186961214675306,0.14403131401474978,0.8071235906631407,0.8998860482276202,-0.22357837610806164,0.5003597131982181,1018.3422065513151,4902,1018342.2065513134,1.0059635074319688,0.0020119270148639375,0.5070056077457122,QINN-MPS signal,2,11,20000,85.84623900000588,0.009776688180863857,0.057291666666666664,-21.254357655843098,0.9361811280250549,0.0003,-0.004103872925043106,-0.01224776248758038,0.05976717391361793,16.262500286102295,-0.0022052836291009572,0.015790958392036047,0.0012027911145857447,0.6521739130434783,0.391304347826087
0.07064644795096076,0.03500303801790494,0.1400158197426406,0.3153941887310447,0.35534237042384115,-0.24310840219932883,0.14398119399100545,1025.3949784011847,2825,1025394.9784011841,0.9877309939624122,0.0019754619879248244,0.49781642095705575,QINN-MPS signal,3,11,20000,206.30269460001728,0.0053983889520168304,0.016276041666666668,-21.2672602335612,0.8811770677566528,0.0003,-0.009254250675439835,-0.012972062919288874,0.06297884912540515,16.262500286102295,-0.0027995581605267175,0.01526630828912924,0.0010024144767153212,0.6086956521739131,0.2608695652173913
0.21027904849078816,0.10096699457330405,0.14300115699494917,0.7432179865566549,0.793389262805433,-0.21471114108887346,0.4702457173915893,1779.1742479538914,2980,1779174.2479538918,1.6091287230006843,0.0032182574460013686,0.8110008763923449,QINN-MPS signal,4,11,20000,240.7077931999811,0.008080851286649704,0.040364583333333336,-21.273329734802246,0.9242105484008789,0.0003,-0.013745497912168503,-0.01326148770749569,0.06575673321882884,16.262500286102295,-0.0019105443437119497,0.016040228446294272,0.0010702707832603055,0.782608695652174,0.34782608695652173
0.3602402568280547,0.16772956077408985,0.2652521817464789,0.7162233409703684,0.8687323216420195,-0.3479759695728578,0.48201478102059375,1147.580487505916,3195,1147580.4875059128,1.074575580282911,0.0021491511605658217,0.541586092462587,QINN-MPS signal,5,11,20000,38.05283530001179,0.007763724308460951,0.033854166666666664,-21.235402584075928,0.7219362258911133,0.0003,0.05270944535732269,-0.014277132926508784,0.17367011308670044,16.262500286102295,-0.0028966285375783734,0.028203361694007875,0.0017689552395032005,0.6086956521739131,0.5217391304347826
0.2232451844491814,0.10689598317272253,0.1482690788902073,0.7582469001979497,0.8302076615162444,-0.1997046043017785,0.5352704988773789,1039.0034284744243,4203,1039003.4284744263,1.022037893332988,0.0020440757866659756,0.5151070982398258,QINN-MPS signal,6,11,20000,37.38545119998162,0.006077376194298267,0.024088541666666668,-21.264723300933838,0.9490025043487549,0.0003,-0.0053572878241539,-0.01200632902327925,0.038602735536793865,16.262500286102295,-0.0015992293703435592,0.015388332940946587,0.0010148641647019056,0.6956521739130435,0.43478260869565216
0.24478840960526216,0.11667848861009733,0.14990327589271457,0.8099260678242698,0.8996646278004681,-0.1813676981092578,0.643325629792186,1118.1086831116666,4825,1118108.6831116676,1.0970840498661618,0.0021941680997323238,0.5529303611325456,QINN-MPS signal,7,11,20000,36.06371849999414,0.006641089450567961,0.029296875,-21.146647294362385,0.8183910250663757,0.0003,-0.010073738172650337,-0.014349588348219791,0.08367131929844618,16.262500286102295,-0.001429959428716419,0.017295379753609605,0.001013370804560069,0.6086956521739131,0.43478260869565216
0.31208994902413534,0.14671015563875534,0.17926115162525447,0.8520065347405746,1.0544097403889439,-0.22559843687953973,0.6503154794334525,1040.0606575660706,4695,1040060.6575660706,1.0192707346066656,0.0020385414692133314,0.5137124502417595,QINN-MPS signal,8,11,20000,38.207947199989576,0.005152192898094654,0.017578125,-21.303388277689617,0.908694863319397,0.0003,-0.0005196649581193924,-0.009385586444598934,0.046195597077409424,16.262500286102295,-0.0020523485295439845,0.01922492565750729,0.0013452834202608002,0.6956521739130435,0.43478260869565216
0.409659810502067,0.18892269252310556,0.26176290643361433,0.7907334807028068,1.0079740082897628,-0.3574527030183663,0.528525007442449,1643.7103967514047,4450,1643710.3967514038,1.389099645192516,0.002778199290385032,0.700106221177028,QINN-MPS signal,9,11,20000,37.661569499992765,0.005180382635444403,0.016276041666666668,-21.2416836420695,0.8463029265403748,0.0003,-0.013985751196742058,-0.013382272406791648,0.044319602039953075,16.262500286102295,-0.0027960953642457848,0.026705608106539557,0.0018272440802234557,0.6956521739130435,0.5652173913043478
0.4194284293497197,0.19306801726487755,0.16773598995126326,1.1346583429010828,1.3515506792991772,-0.23627173279164704,0.817143951092668,1000.0,15,1000000.0,1.0,0.002,0.504,Equal-weight buy-and-hold,-1,0,0,,,,,,,,,,16.262500286102295,-0.0023816988527503493,0.01809102698527279,0.0016275140440682302,0.782608695652174,0.0
